bin,count,mean_pred_raw,mean_pred_cal,actual_rate
0,7985,0.12933195733728053,0.033408582523929344,0.038196618659987476
1,7985,0.22958263663551776,0.06634116250286987,0.07188478396994365
2,7985,0.30027001458359937,0.09433084482659289,0.0986850344395742
3,7985,0.362392572195094,0.12276743402278972,0.11521603005635567
4,7985,0.42126703356708073,0.15364335568095813,0.1601753287413901
5,7985,0.47908287040691916,0.1884402411380341,0.19336255479023168
6,7985,0.5367620489502674,0.22846604502554144,0.22867877269881026
7,7985,0.5971620764643714,0.2774403849062611,0.2702567313713212
8,7985,0.667730867862231,0.34625967037109207,0.33763306199123355
9,7985,0.7715590883342945,0.48185372008884814,0.4807764558547276
