收益口径,回收率,隐含阈值 3 年,隐含阈值 5 年,拒绝率,拦截率,被拒者精确率
Interest income (full rate),0.2,0.3044083123206678,0.5044905543511923,0.0358797745773325,0.08738778328834201,0.48586387434554973
Interest income (full rate),0.3,0.33339681935053805,0.5378012545394519,0.017507827175954914,0.04601669910226631,0.5243204577968527
Interest income (full rate),0.4,0.3684875276286707,0.5758218451749736,0.006637445209768315,0.02002636700357838,0.6018867924528302
Interest income (full rate),0.5,0.41183390189389485,0.6196272346899961,0.0015403882279273638,0.004582836336242074,0.5934959349593496
Net margin 9%,0.2,0.25233644859813087,0.36,0.2322855353788353,0.4465440391738339,0.3834914815613543
Net margin 9%,0.3,0.27835051546391754,0.391304347826087,0.1813525360050094,0.37064473601607134,0.4077066500932256
Net margin 9%,0.4,0.3103448275862069,0.4285714285714286,0.13105823418910456,0.28652143888505244,0.4361204013377926
Net margin 9%,0.5,0.35064935064935066,0.47368421052631576,0.08057608015028178,0.1941741477807772,0.48072738576313334
Net margin 6%,0.2,0.1836734693877551,0.2727272727272727,0.41287413901064496,0.6648251616548434,0.32122057752972577
Net margin 6%,0.3,0.20454545454545456,0.3,0.35163431433938636,0.5981543097495134,0.33934040886103
Net margin 6%,0.4,0.23076923076923078,0.3333333333333333,0.28324358171571695,0.5162282629166928,0.36357607109696244
Net margin 6%,0.5,0.2647058823529412,0.37499999999999994,0.206111458985598,0.40981856990394877,0.3966460080204156
Net margin 3%,0.2,0.10112359550561796,0.15789473684210525,0.703143393863494,0.8944692071065352,0.25376696469917714
Net margin 3%,0.3,0.11392405063291139,0.17647058823529413,0.6529492798998121,0.8635193671919141,0.2638190954773869
Net margin 3%,0.4,0.13043478260869565,0.2,0.5915591734502191,0.8235294117647058,0.27771191464137523
Net margin 3%,0.5,0.15254237288135591,0.23076923076923078,0.512498434564809,0.7589302529976772,0.2954084500158835
