目标拒绝率,原始轴阈值 p_raw ≥,校准轴阈值 p_cal ≥,实际拒绝率
0.05,0.7641018344967967,0.46585097019481797,0.05000626174076393
0.1,0.7095701098812355,0.3932791498614337,0.1
0.15,0.6664569983352677,0.3440831545500716,0.15000626174076392
0.2,0.6308472631765015,0.30796052814254854,0.2
0.25,0.5966578986825819,0.27657676207503235,0.25000626174076396
0.3,0.5658014025760159,0.2506871781719295,0.3
0.4,0.5079639239833469,0.20750959277238018,0.4
0.5,0.45036646680829423,0.17035337104290815,0.5
0.6,0.39248899576332985,0.13785557091018075,0.6
0.7,0.3322184501065343,0.10830454251245114,0.7
0.8,0.26712130290897806,0.08050215803694308,0.8
