model,mean_cv_auc,std_cv_auc,params
XGBoost,0.7247427327201754,0.0003803812301297345,"{'subsample': 0.8, 'n_estimators': 200, 'min_child_weight': 3, 'max_depth': 8, 'learning_rate': 0.05, 'colsample_bytree': 0.7}"
XGBoost,0.7243163897991874,0.0004334960447114631,"{'subsample': 0.8, 'n_estimators': 200, 'min_child_weight': 1, 'max_depth': 6, 'learning_rate': 0.05, 'colsample_bytree': 0.8}"
XGBoost,0.7233042020236585,0.0003132835659563198,"{'subsample': 1.0, 'n_estimators': 200, 'min_child_weight': 1, 'max_depth': 8, 'learning_rate': 0.03, 'colsample_bytree': 0.8}"
XGBoost,0.7225380876347858,0.0002110569623086559,"{'subsample': 0.7, 'n_estimators': 100, 'min_child_weight': 3, 'max_depth': 8, 'learning_rate': 0.1, 'colsample_bytree': 0.8}"
XGBoost,0.7202865697460166,0.0004005295170940815,"{'subsample': 0.7, 'n_estimators': 100, 'min_child_weight': 5, 'max_depth': 8, 'learning_rate': 0.03, 'colsample_bytree': 0.7}"
XGBoost,0.7181693873685948,0.0007088269457239818,"{'subsample': 1.0, 'n_estimators': 200, 'min_child_weight': 5, 'max_depth': 4, 'learning_rate': 0.03, 'colsample_bytree': 0.8}"
XGBoost,0.7173340896478395,0.0005439269827067744,"{'subsample': 1.0, 'n_estimators': 100, 'min_child_weight': 1, 'max_depth': 6, 'learning_rate': 0.03, 'colsample_bytree': 1.0}"
XGBoost,0.7170268110116386,0.0006439614775766283,"{'subsample': 0.7, 'n_estimators': 100, 'min_child_weight': 1, 'max_depth': 4, 'learning_rate': 0.05, 'colsample_bytree': 0.7}"
LightGBM,0.7249211804363471,0.00036258098080796896,"{'subsample': 0.8, 'num_leaves': 63, 'n_estimators': 200, 'max_depth': 8, 'learning_rate': 0.05, 'colsample_bytree': 0.7}"
LightGBM,0.7247875485938856,0.0003064271790878993,"{'subsample': 0.7, 'num_leaves': 31, 'n_estimators': 200, 'max_depth': 8, 'learning_rate': 0.1, 'colsample_bytree': 0.8}"
LightGBM,0.7246298014042993,0.0002495076170754682,"{'subsample': 1.0, 'num_leaves': 63, 'n_estimators': 300, 'max_depth': -1, 'learning_rate': 0.03, 'colsample_bytree': 0.8}"
LightGBM,0.7235790877631274,0.000338273716358175,"{'subsample': 0.7, 'num_leaves': 31, 'n_estimators': 300, 'max_depth': 8, 'learning_rate': 0.03, 'colsample_bytree': 0.7}"
LightGBM,0.7211504090176183,0.0004561892010133906,"{'subsample': 0.8, 'num_leaves': 63, 'n_estimators': 100, 'max_depth': 6, 'learning_rate': 0.05, 'colsample_bytree': 0.8}"
LightGBM,0.7204840170964049,0.000518831692975643,"{'subsample': 0.7, 'num_leaves': 31, 'n_estimators': 100, 'max_depth': -1, 'learning_rate': 0.05, 'colsample_bytree': 0.7}"
LightGBM,0.7190023326552952,0.0005229123086858223,"{'subsample': 1.0, 'num_leaves': 63, 'n_estimators': 100, 'max_depth': 8, 'learning_rate': 0.03, 'colsample_bytree': 0.8}"
LightGBM,0.7166665135837527,0.0006460793670600754,"{'subsample': 1.0, 'num_leaves': 31, 'n_estimators': 100, 'max_depth': 6, 'learning_rate': 0.03, 'colsample_bytree': 1.0}"
