,mean_abs_shap
subGrade_enc,0.33535738001674575
term,0.16459686937167284
homeOwnership_1,0.12211825091627433
grade_enc,0.09895310217577678
fico_avg,0.090969246612307
regionCode_enc,0.08566652410972503
n14,0.08283426047289051
interestRate,0.0773981339848882
dti,0.07720152324968133
installment_income_ratio,0.07567976454522318
revolBal_log,0.07349674069655338
n3,0.06771601693580541
employmentLength_enc,0.054074463039329536
loanAmnt_log,0.04502289164854876
totalAcc,0.044315231088030975
annualIncome_log,0.04275458196301732
verificationStatus_1,0.02998046703568478
revolUtil,0.028313817771225564
initialListStatus,0.025867736580230383
grade_dti_inter,0.02369456479342304
credit_history_years,0.021841130489304455
delinquency_2years,0.018191648933618833
installment_log,0.017732924248655014
n8,0.017210109472559826
n9,0.01564821211946184
n4,0.014515301999265151
n2,0.014138933630979567
n6,0.011418513016191659
n5,0.010422497726035276
pubRec,0.007699408382242956
interest_loan_inter,0.006826405326210167
verificationStatus_2,0.006826351394641796
n1,0.006634578507564061
n10,0.0057492985038531345
n7,0.004751812261156041
openAcc,0.004406832237507693
n0,0.003727593051777994
pubRecBankruptcies,0.002701529998952416
