model,method,trial,auc,best_so_far,cum_seconds,params,source
XGBoost,Random,1,0.7082033259425492,0.7082033259425492,6.354879856109619,"{'max_depth': 7, 'learning_rate': 0.13125830316209655, 'n_estimators': 400, 'min_child_weight': 30, 'colsample_bytree': 0.5780093202212182, 'subsample': 0.5779972601681014}",tuning_full_combo.py
XGBoost,Random,2,0.7222373529159695,0.7222373529159695,9.85136365890503,"{'max_depth': 4, 'learning_rate': 0.10440040750544663, 'n_estimators': 350, 'min_child_weight': 36, 'colsample_bytree': 0.5102922471479012, 'subsample': 0.9849549260809971}",tuning_full_combo.py
XGBoost,Random,3,0.7188343131361771,0.7222373529159695,15.671454906463625,"{'max_depth': 11, 'learning_rate': 0.01777174904859463, 'n_estimators': 150, 'min_child_weight': 10, 'colsample_bytree': 0.6521211214797689, 'subsample': 0.762378215816119}",tuning_full_combo.py
XGBoost,Random,4,0.7218920805293592,0.7222373529159695,21.987671613693237,"{'max_depth': 7, 'learning_rate': 0.022004527434741072, 'n_estimators': 350, 'min_child_weight': 7, 'colsample_bytree': 0.6460723242676091, 'subsample': 0.6831809216468459}",tuning_full_combo.py
XGBoost,Random,5,0.7179294442687123,0.7222373529159695,25.043309688568115,"{'max_depth': 8, 'learning_rate': 0.0838375512850209, 'n_estimators': 150, 'min_child_weight': 26, 'colsample_bytree': 0.7962072844310213, 'subsample': 0.5232252063599989}",tuning_full_combo.py
XGBoost,Random,6,0.7165440898007919,0.7222373529159695,28.07400679588318,"{'max_depth': 9, 'learning_rate': 0.015869086642715014, 'n_estimators': 100, 'min_child_weight': 48, 'colsample_bytree': 0.9828160165372797, 'subsample': 0.9041986740582306}",tuning_full_combo.py
XGBoost,Random,7,0.7204958252772702,0.7222373529159695,34.33150792121887,"{'max_depth': 6, 'learning_rate': 0.01302780710309028, 'n_estimators': 400, 'min_child_weight': 23, 'colsample_bytree': 0.5610191174223894, 'subsample': 0.7475884550556351}",tuning_full_combo.py
XGBoost,Random,8,0.7218445897940912,0.7222373529159695,36.89957284927368,"{'max_depth': 4, 'learning_rate': 0.1173393765991262, 'n_estimators': 200, 'min_child_weight': 34, 'colsample_bytree': 0.6558555380447055, 'subsample': 0.7600340105889054}",tuning_full_combo.py
XGBoost,Random,9,0.7217736064973016,0.7222373529159695,46.4176287651062,"{'max_depth': 8, 'learning_rate': 0.016497027917250065, 'n_estimators': 500, 'min_child_weight': 39, 'colsample_bytree': 0.9697494707820946, 'subsample': 0.9474136752138245}",tuning_full_combo.py
XGBoost,Random,10,0.713395560620841,0.7222373529159695,48.95306086540222,"{'max_depth': 9, 'learning_rate': 0.12139707695554378, 'n_estimators': 100, 'min_child_weight': 10, 'colsample_bytree': 0.522613644455269, 'subsample': 0.6626651653816322}",tuning_full_combo.py
XGBoost,Random,11,0.7222573755311202,0.7222573755311202,56.53314781188965,"{'max_depth': 7, 'learning_rate': 0.02085120818436357, 'n_estimators': 450, 'min_child_weight': 18, 'colsample_bytree': 0.6404672548436904, 'subsample': 0.7713480415791243}",tuning_full_combo.py
XGBoost,Random,12,0.7211269931387968,0.7222573755311202,58.16182279586792,"{'max_depth': 5, 'learning_rate': 0.08779238696445962, 'n_estimators': 100, 'min_child_weight': 50, 'colsample_bytree': 0.8861223846483287, 'subsample': 0.5993578407670862}",tuning_full_combo.py
XGBoost,Random,13,0.7210720898114182,0.7222573755311202,62.43600368499756,"{'max_depth': 4, 'learning_rate': 0.09100328259258599, 'n_estimators': 400, 'min_child_weight': 37, 'colsample_bytree': 0.8856351733429728, 'subsample': 0.5370223258670452}",tuning_full_combo.py
XGBoost,Random,14,0.7218911611884359,0.7222573755311202,70.62476968765259,"{'max_depth': 7, 'learning_rate': 0.01368587560046799, 'n_estimators': 450, 'min_child_weight': 32, 'colsample_bytree': 0.6654490124263246, 'subsample': 0.5317791751430119}",tuning_full_combo.py
XGBoost,Random,15,0.7224021814239303,0.7224021814239303,76.6703028678894,"{'max_depth': 6, 'learning_rate': 0.02412377463500467, 'n_estimators': 400, 'min_child_weight': 32, 'colsample_bytree': 0.9436063712881633, 'subsample': 0.7361074625809747}",tuning_full_combo.py
XGBoost,Random,16,0.7216429666583123,0.7224021814239303,81.63024377822876,"{'max_depth': 5, 'learning_rate': 0.06899870818520014, 'n_estimators': 400, 'min_child_weight': 29, 'colsample_bytree': 0.8854835899772805, 'subsample': 0.7468977981821954}",tuning_full_combo.py
XGBoost,Random,17,0.7186520468923002,0.7224021814239303,84.23845076560974,"{'max_depth': 8, 'learning_rate': 0.0318293122389662, 'n_estimators': 100, 'min_child_weight': 6, 'colsample_bytree': 0.5157145928433671, 'subsample': 0.8182052056318903}",tuning_full_combo.py
XGBoost,Random,18,0.721678366500539,0.7224021814239303,91.35106682777403,"{'max_depth': 6, 'learning_rate': 0.03963926056295203, 'n_estimators': 500, 'min_child_weight': 13, 'colsample_bytree': 0.7051914615178149, 'subsample': 0.8777755692715243}",tuning_full_combo.py
XGBoost,Random,19,0.7158846704287057,0.7224021814239303,95.18597078323364,"{'max_depth': 6, 'learning_rate': 0.012317863837850182, 'n_estimators': 200, 'min_child_weight': 9, 'colsample_bytree': 0.9648488261712865, 'subsample': 0.9040601897822085}",tuning_full_combo.py
XGBoost,Random,20,0.6996505344532519,0.7224021814239303,105.21890783309937,"{'max_depth': 9, 'learning_rate': 0.1059051751308571, 'n_estimators': 450, 'min_child_weight': 10, 'colsample_bytree': 0.9462794992449889, 'subsample': 0.7696711209578253}",tuning_full_combo.py
XGBoost,Random,21,0.6997325531127766,0.7224021814239303,111.27020287513731,"{'max_depth': 11, 'learning_rate': 0.11321009247763962, 'n_estimators': 200, 'min_child_weight': 6, 'colsample_bytree': 0.6139675812709708, 'subsample': 0.7135538943131281}",tuning_full_combo.py
XGBoost,Random,22,0.7146692202286277,0.7224021814239303,114.27318978309631,"{'max_depth': 11, 'learning_rate': 0.10287212602939473, 'n_estimators': 100, 'min_child_weight': 26, 'colsample_bytree': 0.7087055015743895, 'subsample': 0.6110539052353652}",tuning_full_combo.py
XGBoost,Random,23,0.7223208349741403,0.7224021814239303,120.93734669685364,"{'max_depth': 5, 'learning_rate': 0.02494975308632297, 'n_estimators': 500, 'min_child_weight': 17, 'colsample_bytree': 0.7593953108716831, 'subsample': 0.8515094794475889}",tuning_full_combo.py
XGBoost,Random,24,0.7000462549835103,0.7224021814239303,128.96763372421265,"{'max_depth': 7, 'learning_rate': 0.13896467408175264, 'n_estimators': 500, 'min_child_weight': 13, 'colsample_bytree': 0.7486242529461927, 'subsample': 0.6504391549083848}",tuning_full_combo.py
XGBoost,Random,25,0.7190833702676316,0.7224021814239303,135.06885194778442,"{'max_depth': 6, 'learning_rate': 0.011050512402941122, 'n_estimators': 350, 'min_child_weight': 26, 'colsample_bytree': 0.5257393756249946, 'subsample': 0.6393232321183058}",tuning_full_combo.py
XGBoost,Random,26,0.719594527375131,0.7224021814239303,140.89621877670288,"{'max_depth': 12, 'learning_rate': 0.019131395311570584, 'n_estimators': 150, 'min_child_weight': 25, 'colsample_bytree': 0.9928252270553004, 'subsample': 0.6210276357557503}",tuning_full_combo.py
XGBoost,Random,27,0.717763286554146,0.7224021814239303,145.64504289627075,"{'max_depth': 10, 'learning_rate': 0.07865641935595927, 'n_estimators': 200, 'min_child_weight': 37, 'colsample_bytree': 0.6838915663596266, 'subsample': 0.8161529152967897}",tuning_full_combo.py
XGBoost,Random,28,0.7203353787988879,0.7224021814239303,148.36983275413513,"{'max_depth': 9, 'learning_rate': 0.042669732747885186, 'n_estimators': 100, 'min_child_weight': 42, 'colsample_bytree': 0.6603900324858679, 'subsample': 0.5932592551999272}",tuning_full_combo.py
XGBoost,Random,29,0.722039503943487,0.7224021814239303,153.32244563102722,"{'max_depth': 4, 'learning_rate': 0.04953863383263987, 'n_estimators': 400, 'min_child_weight': 1, 'colsample_bytree': 0.7560465291496405, 'subsample': 0.613247887598969}",tuning_full_combo.py
XGBoost,Random,30,0.7221385705989031,0.7224021814239303,163.42982077598572,"{'max_depth': 9, 'learning_rate': 0.016035068998454707, 'n_estimators': 400, 'min_child_weight': 20, 'colsample_bytree': 0.9683649943683672, 'subsample': 0.5687604720729966}",tuning_full_combo.py
XGBoost,Bayesian(TPE),1,0.7082033259425492,0.7082033259425492,6.830632925033569,"{'max_depth': 7, 'learning_rate': 0.13125830316209655, 'n_estimators': 400, 'min_child_weight': 30, 'colsample_bytree': 0.5780093202212182, 'subsample': 0.5779972601681014}",tuning_full_combo.py
XGBoost,Bayesian(TPE),2,0.7222373529159695,0.7222373529159695,10.6321861743927,"{'max_depth': 4, 'learning_rate': 0.10440040750544663, 'n_estimators': 350, 'min_child_weight': 36, 'colsample_bytree': 0.5102922471479012, 'subsample': 0.9849549260809971}",tuning_full_combo.py
XGBoost,Bayesian(TPE),3,0.7188343131361771,0.7222373529159695,16.70057511329651,"{'max_depth': 11, 'learning_rate': 0.01777174904859463, 'n_estimators': 150, 'min_child_weight': 10, 'colsample_bytree': 0.6521211214797689, 'subsample': 0.762378215816119}",tuning_full_combo.py
XGBoost,Bayesian(TPE),4,0.7218920805293592,0.7222373529159695,23.535927057266235,"{'max_depth': 7, 'learning_rate': 0.022004527434741072, 'n_estimators': 350, 'min_child_weight': 7, 'colsample_bytree': 0.6460723242676091, 'subsample': 0.6831809216468459}",tuning_full_combo.py
XGBoost,Bayesian(TPE),5,0.7179294442687123,0.7222373529159695,26.81032085418701,"{'max_depth': 8, 'learning_rate': 0.0838375512850209, 'n_estimators': 150, 'min_child_weight': 26, 'colsample_bytree': 0.7962072844310213, 'subsample': 0.5232252063599989}",tuning_full_combo.py
XGBoost,Bayesian(TPE),6,0.720970833831986,0.7222373529159695,33.06148624420166,"{'max_depth': 6, 'learning_rate': 0.05743421038367589, 'n_estimators': 450, 'min_child_weight': 19, 'colsample_bytree': 0.7728764717989381, 'subsample': 0.9605432704623372}",tuning_full_combo.py
XGBoost,Bayesian(TPE),7,0.7214329344431887,0.7222373529159695,35.24451518058777,"{'max_depth': 6, 'learning_rate': 0.10481174908156358, 'n_estimators': 100, 'min_child_weight': 37, 'colsample_bytree': 0.6518629863826433, 'subsample': 0.8681524691060646}",tuning_full_combo.py
XGBoost,Bayesian(TPE),8,0.7202789960154311,0.7222373529159695,39.245733976364136,"{'max_depth': 5, 'learning_rate': 0.11113307274091073, 'n_estimators': 300, 'min_child_weight': 46, 'colsample_bytree': 0.8449874033290554, 'subsample': 0.7673270239093216}",tuning_full_combo.py
XGBoost,Bayesian(TPE),9,0.7197195469595373,0.7222373529159695,42.3526771068573,"{'max_depth': 5, 'learning_rate': 0.02925400169576484, 'n_estimators': 200, 'min_child_weight': 44, 'colsample_bytree': 0.6182603229882813, 'subsample': 0.8008515314072645}",tuning_full_combo.py
XGBoost,Bayesian(TPE),10,0.7201916385085306,0.7222373529159695,47.59335494041443,"{'max_depth': 9, 'learning_rate': 0.05961019114962008, 'n_estimators': 250, 'min_child_weight': 35, 'colsample_bytree': 0.6311356894066769, 'subsample': 0.8649884589177537}",tuning_full_combo.py
XGBoost,Bayesian(TPE),11,0.721800019180811,0.7222373529159695,51.64767789840698,"{'max_depth': 5, 'learning_rate': 0.08956357282263848, 'n_estimators': 300, 'min_child_weight': 22, 'colsample_bytree': 0.5106628767373051, 'subsample': 0.9329903418294759}",tuning_full_combo.py
XGBoost,Bayesian(TPE),12,0.7202615683844696,0.7222373529159695,56.625041007995605,"{'max_depth': 5, 'learning_rate': 0.01922953877433644, 'n_estimators': 350, 'min_child_weight': 7, 'colsample_bytree': 0.5131840422029039, 'subsample': 0.753583984450788}",tuning_full_combo.py
XGBoost,Bayesian(TPE),13,0.7208424229004778,0.7222373529159695,61.288631200790405,"{'max_depth': 4, 'learning_rate': 0.02481727848701596, 'n_estimators': 400, 'min_child_weight': 34, 'colsample_bytree': 0.5499292214595021, 'subsample': 0.877497637431687}",tuning_full_combo.py
XGBoost,Bayesian(TPE),14,0.7216109955240667,0.7222373529159695,64.79606986045837,"{'max_depth': 5, 'learning_rate': 0.04199883838428464, 'n_estimators': 250, 'min_child_weight': 6, 'colsample_bytree': 0.6219374804317842, 'subsample': 0.9025434813077317}",tuning_full_combo.py
XGBoost,Bayesian(TPE),15,0.7223425867677561,0.7223425867677561,69.76048111915588,"{'max_depth': 6, 'learning_rate': 0.03629028891873568, 'n_estimators': 300, 'min_child_weight': 21, 'colsample_bytree': 0.5833960088445765, 'subsample': 0.6444943170681304}",tuning_full_combo.py
XGBoost,Bayesian(TPE),16,0.7220259463970101,0.7223425867677561,74.82426190376282,"{'max_depth': 5, 'learning_rate': 0.06221558817544728, 'n_estimators': 400, 'min_child_weight': 39, 'colsample_bytree': 0.5202851472559636, 'subsample': 0.7737117380170883}",tuning_full_combo.py
XGBoost,Bayesian(TPE),17,0.721654950777087,0.7223425867677561,78.81175494194031,"{'max_depth': 4, 'learning_rate': 0.12361717535894573, 'n_estimators': 350, 'min_child_weight': 35, 'colsample_bytree': 0.6659211345143919, 'subsample': 0.9648139734921319}",tuning_full_combo.py
XGBoost,Bayesian(TPE),18,0.720601173895368,0.7223425867677561,82.6910662651062,"{'max_depth': 4, 'learning_rate': 0.1461391372354951, 'n_estimators': 300, 'min_child_weight': 37, 'colsample_bytree': 0.6859490864612039, 'subsample': 0.6696943757335432}",tuning_full_combo.py
XGBoost,Bayesian(TPE),19,0.7162318097266396,0.7223425867677561,89.12655687332153,"{'max_depth': 6, 'learning_rate': 0.1006244046355941, 'n_estimators': 450, 'min_child_weight': 14, 'colsample_bytree': 0.5742037238675524, 'subsample': 0.7887623355421969}",tuning_full_combo.py
XGBoost,Bayesian(TPE),20,0.7219745389195141,0.7223425867677561,93.86492204666138,"{'max_depth': 5, 'learning_rate': 0.06503163106094245, 'n_estimators': 350, 'min_child_weight': 37, 'colsample_bytree': 0.5641577319005494, 'subsample': 0.5575545629975971}",tuning_full_combo.py
XGBoost,Bayesian(TPE),21,0.7222501129974944,0.7223425867677561,98.16066217422484,"{'max_depth': 4, 'learning_rate': 0.07493593517370395, 'n_estimators': 350, 'min_child_weight': 29, 'colsample_bytree': 0.5715688979539516, 'subsample': 0.6865398598107071}",tuning_full_combo.py
XGBoost,Bayesian(TPE),22,0.7218373362815008,0.7223425867677561,103.07667994499208,"{'max_depth': 5, 'learning_rate': 0.07742042283875977, 'n_estimators': 400, 'min_child_weight': 49, 'colsample_bytree': 0.5089266771606793, 'subsample': 0.9252186253677027}",tuning_full_combo.py
XGBoost,Bayesian(TPE),23,0.7220175561335179,0.7223425867677561,106.7213170528412,"{'max_depth': 4, 'learning_rate': 0.0536974380472233, 'n_estimators': 300, 'min_child_weight': 21, 'colsample_bytree': 0.5651262093613961, 'subsample': 0.6315888023224887}",tuning_full_combo.py
XGBoost,Bayesian(TPE),24,0.7223731793648437,0.7223731793648437,110.26510810852052,"{'max_depth': 4, 'learning_rate': 0.08312006290992872, 'n_estimators': 300, 'min_child_weight': 36, 'colsample_bytree': 0.5020579366691419, 'subsample': 0.7536180869688873}",tuning_full_combo.py
XGBoost,Bayesian(TPE),25,0.717841812616188,0.7223731793648437,114.92885994911194,"{'max_depth': 6, 'learning_rate': 0.11987966846506837, 'n_estimators': 300, 'min_child_weight': 39, 'colsample_bytree': 0.5212314935995376, 'subsample': 0.7469986857628024}",tuning_full_combo.py
XGBoost,Bayesian(TPE),26,0.7223518464924342,0.7223731793648437,119.56915307044984,"{'max_depth': 4, 'learning_rate': 0.045141179505162124, 'n_estimators': 400, 'min_child_weight': 26, 'colsample_bytree': 0.5244810237706511, 'subsample': 0.6466076677132477}",tuning_full_combo.py
XGBoost,Bayesian(TPE),27,0.7220902070260905,0.7223731793648437,122.09586906433104,"{'max_depth': 4, 'learning_rate': 0.1141785570979429, 'n_estimators': 200, 'min_child_weight': 38, 'colsample_bytree': 0.5663038464667426, 'subsample': 0.7212714311611345}",tuning_full_combo.py
XGBoost,Bayesian(TPE),28,0.7226826173337031,0.7226826173337031,128.1691770553589,"{'max_depth': 6, 'learning_rate': 0.031046142935221763, 'n_estimators': 400, 'min_child_weight': 35, 'colsample_bytree': 0.5227483769087945, 'subsample': 0.6377894495729103}",tuning_full_combo.py
XGBoost,Bayesian(TPE),29,0.7224032631533257,0.7226826173337031,134.59792804718018,"{'max_depth': 6, 'learning_rate': 0.02727327236816863, 'n_estimators': 400, 'min_child_weight': 36, 'colsample_bytree': 0.5820677182957779, 'subsample': 0.6234538527523807}",tuning_full_combo.py
XGBoost,Bayesian(TPE),30,0.7224423203879788,0.7226826173337031,142.26686906814575,"{'max_depth': 7, 'learning_rate': 0.025283810364070066, 'n_estimators': 400, 'min_child_weight': 42, 'colsample_bytree': 0.5631602395622524, 'subsample': 0.5881809550156896}",tuning_full_combo.py
LightGBM,Random,1,0.7171264284850083,0.7171264284850083,13.843333959579468,"{'num_leaves': 70, 'max_depth': 12, 'learning_rate': 0.07259248719561363, 'n_estimators': 350, 'min_child_samples': 12, 'colsample_bytree': 0.5779972601681014}",tuning_method_compare.py(exp2)
LightGBM,Random,2,0.7208990489324645,0.7208990489324645,21.498029947280884,"{'num_leaves': 20, 'max_depth': 11, 'learning_rate': 0.05092911283433821, 'n_estimators': 400, 'min_child_samples': 5, 'colsample_bytree': 0.9849549260809971}",tuning_method_compare.py(exp2)
LightGBM,Random,3,0.7138068177487357,0.7208990489324645,25.50849485397339,"{'num_leaves': 130, 'max_depth': 5, 'learning_rate': 0.016362239850894616, 'n_estimators': 150, 'min_child_samples': 18, 'colsample_bytree': 0.762378215816119}",tuning_method_compare.py(exp2)
LightGBM,Random,4,0.7207273739292605,0.7208990489324645,30.910272121429443,"{'num_leaves': 80, 'max_depth': 6, 'learning_rate': 0.05243180891902853, 'n_estimators': 150, 'min_child_samples': 18, 'colsample_bytree': 0.6831809216468459}",tuning_method_compare.py(exp2)
LightGBM,Random,5,0.7209515751939346,0.7209515751939346,46.21330380439758,"{'num_leaves': 80, 'max_depth': 11, 'learning_rate': 0.017172542103877867, 'n_estimators': 300, 'min_child_samples': 32, 'colsample_bytree': 0.5232252063599989}",tuning_method_compare.py(exp2)
LightGBM,Random,6,0.7195056807069768,0.7209515751939346,57.39892101287842,"{'num_leaves': 100, 'max_depth': 5, 'learning_rate': 0.011926324174062874, 'n_estimators': 500, 'min_child_samples': 49, 'colsample_bytree': 0.9041986740582306}",tuning_method_compare.py(exp2)
LightGBM,Random,7,0.7215232667197663,0.7215232667197663,62.11992502212525,"{'num_leaves': 60, 'max_depth': 4, 'learning_rate': 0.06378528225249058, 'n_estimators': 250, 'min_child_samples': 10, 'colsample_bytree': 0.7475884550556351}",tuning_method_compare.py(exp2)
LightGBM,Random,8,0.7201469271866,0.7215232667197663,70.34382700920105,"{'num_leaves': 20, 'max_depth': 12, 'learning_rate': 0.020153425505297702, 'n_estimators': 350, 'min_child_samples': 19, 'colsample_bytree': 0.7600340105889054}",tuning_method_compare.py(exp2)
LightGBM,Random,9,0.7163555779206169,0.7215232667197663,78.02386808395386,"{'num_leaves': 90, 'max_depth': 5, 'learning_rate': 0.13814017620274424, 'n_estimators': 400, 'min_child_samples': 48, 'colsample_bytree': 0.9474136752138245}",tuning_method_compare.py(exp2)
LightGBM,Random,10,0.716134920780339,0.7215232667197663,87.6012351512909,"{'num_leaves': 100, 'max_depth': 12, 'learning_rate': 0.012707942999213693, 'n_estimators': 150, 'min_child_samples': 7, 'colsample_bytree': 0.6626651653816322}",tuning_method_compare.py(exp2)
LightGBM,Random,11,0.718684848323917,0.7215232667197663,94.9053761959076,"{'num_leaves': 70, 'max_depth': 6, 'learning_rate': 0.09433458442225107, 'n_estimators': 250, 'min_child_samples': 17, 'colsample_bytree': 0.7713480415791243}",tuning_method_compare.py(exp2)
LightGBM,Random,12,0.7204729130319945,0.7215232667197663,109.3499631881714,"{'num_leaves': 30, 'max_depth': 11, 'learning_rate': 0.012237095811188047, 'n_estimators': 500, 'min_child_samples': 40, 'colsample_bytree': 0.5993578407670862}",tuning_method_compare.py(exp2)
LightGBM,Random,13,0.7209401938325647,0.7215232667197663,117.40100479125977,"{'num_leaves': 20, 'max_depth': 11, 'learning_rate': 0.06781546492336318, 'n_estimators': 400, 'min_child_samples': 40, 'colsample_bytree': 0.5370223258670452}",tuning_method_compare.py(exp2)
LightGBM,Random,14,0.7204944337906417,0.7215232667197663,124.88845705986024,"{'num_leaves': 70, 'max_depth': 5, 'learning_rate': 0.10353528774657658, 'n_estimators': 350, 'min_child_samples': 20, 'colsample_bytree': 0.5317791751430119}",tuning_method_compare.py(exp2)
LightGBM,Random,15,0.7194723121638331,0.7215232667197663,134.0442247390747,"{'num_leaves': 60, 'max_depth': 6, 'learning_rate': 0.0721246051988986, 'n_estimators': 350, 'min_child_samples': 45, 'colsample_bytree': 0.7361074625809747}",tuning_method_compare.py(exp2)
LightGBM,Random,16,0.7194827262440784,0.7215232667197663,142.34771585464478,"{'num_leaves': 30, 'max_depth': 10, 'learning_rate': 0.07847885275945195, 'n_estimators': 350, 'min_child_samples': 40, 'colsample_bytree': 0.7468977981821954}",tuning_method_compare.py(exp2)
LightGBM,Random,17,0.7127100985989014,0.7215232667197663,147.74712991714478,"{'num_leaves': 90, 'max_depth': 7, 'learning_rate': 0.0107126079864151, 'n_estimators': 100, 'min_child_samples': 6, 'colsample_bytree': 0.8182052056318903}",tuning_method_compare.py(exp2)
LightGBM,Random,18,0.7153808696804207,0.7215232667197663,154.6970248222351,"{'num_leaves': 60, 'max_depth': 8, 'learning_rate': 0.11678336826028975, 'n_estimators': 200, 'min_child_samples': 23, 'colsample_bytree': 0.8777755692715243}",tuning_method_compare.py(exp2)
LightGBM,Random,19,0.7139678666231974,0.7215232667197663,158.08280301094055,"{'num_leaves': 50, 'max_depth': 4, 'learning_rate': 0.02191664893471126, 'n_estimators': 150, 'min_child_samples': 47, 'colsample_bytree': 0.9040601897822085}",tuning_method_compare.py(exp2)
LightGBM,Random,20,0.7177412925226995,0.7215232667197663,166.00513911247253,"{'num_leaves': 100, 'max_depth': 11, 'learning_rate': 0.08814378684431647, 'n_estimators': 150, 'min_child_samples': 46, 'colsample_bytree': 0.7696711209578253}",tuning_method_compare.py(exp2)
LightGBM,Random,21,0.7174640845778422,0.7215232667197663,174.0385639667511,"{'num_leaves': 130, 'max_depth': 12, 'learning_rate': 0.023659257295689295, 'n_estimators': 100, 'min_child_samples': 15, 'colsample_bytree': 0.7135538943131281}",tuning_method_compare.py(exp2)
LightGBM,Random,22,0.7192416627437104,0.7215232667197663,195.49785494804385,"{'num_leaves': 130, 'max_depth': 11, 'learning_rate': 0.01019005058575656, 'n_estimators': 300, 'min_child_samples': 24, 'colsample_bytree': 0.6110539052353652}",tuning_method_compare.py(exp2)
LightGBM,Random,23,0.7189090009297695,0.7215232667197663,200.55059385299683,"{'num_leaves': 30, 'max_depth': 7, 'learning_rate': 0.12851323643357537, 'n_estimators': 200, 'min_child_samples': 28, 'colsample_bytree': 0.8515094794475889}",tuning_method_compare.py(exp2)
LightGBM,Random,24,0.7123996407057693,0.7215232667197663,208.52704000473025,"{'num_leaves': 70, 'max_depth': 12, 'learning_rate': 0.13549580543106624, 'n_estimators': 200, 'min_child_samples': 27, 'colsample_bytree': 0.6504391549083848}",tuning_method_compare.py(exp2)
LightGBM,Random,25,0.7214275168939567,0.7215232667197663,213.55281281471252,"{'num_leaves': 50, 'max_depth': 4, 'learning_rate': 0.05210786568543147, 'n_estimators': 300, 'min_child_samples': 7, 'colsample_bytree': 0.6393232321183058}",tuning_method_compare.py(exp2)
LightGBM,Random,26,0.7192393149777992,0.7215232667197663,223.67608189582825,"{'num_leaves': 140, 'max_depth': 6, 'learning_rate': 0.014805040254047405, 'n_estimators': 300, 'min_child_samples': 50, 'colsample_bytree': 0.6210276357557503}",tuning_method_compare.py(exp2)
LightGBM,Random,27,0.7207025537446644,0.7215232667197663,247.01872491836548,"{'num_leaves': 110, 'max_depth': 10, 'learning_rate': 0.019031956584088256, 'n_estimators': 400, 'min_child_samples': 21, 'colsample_bytree': 0.8161529152967897}",tuning_method_compare.py(exp2)
LightGBM,Random,28,0.7211723778265583,0.7215232667197663,271.42090606689453,"{'num_leaves': 100, 'max_depth': 8, 'learning_rate': 0.012769944487690825, 'n_estimators': 450, 'min_child_samples': 19, 'colsample_bytree': 0.5932592551999272}",tuning_method_compare.py(exp2)
LightGBM,Random,29,0.7193097035388814,0.7215232667197663,274.31775283813477,"{'num_leaves': 20, 'max_depth': 9, 'learning_rate': 0.06264371764762426, 'n_estimators': 100, 'min_child_samples': 28, 'colsample_bytree': 0.613247887598969}",tuning_method_compare.py(exp2)
LightGBM,Random,30,0.7219401052761872,0.7219401052761872,279.87032198905945,"{'num_leaves': 110, 'max_depth': 5, 'learning_rate': 0.06495399003319909, 'n_estimators': 250, 'min_child_samples': 48, 'colsample_bytree': 0.5687604720729966}",tuning_method_compare.py(exp2)
LightGBM,Bayesian(TPE),1,0.7171264284850083,0.7171264284850083,13.865210056304932,"{'num_leaves': 70, 'max_depth': 12, 'learning_rate': 0.07259248719561363, 'n_estimators': 350, 'min_child_samples': 12, 'colsample_bytree': 0.5779972601681014}",tuning_method_compare.py(exp2)
LightGBM,Bayesian(TPE),2,0.7208990489324645,0.7208990489324645,21.974338054656982,"{'num_leaves': 20, 'max_depth': 11, 'learning_rate': 0.05092911283433821, 'n_estimators': 400, 'min_child_samples': 5, 'colsample_bytree': 0.9849549260809971}",tuning_method_compare.py(exp2)
LightGBM,Bayesian(TPE),3,0.7138068177487357,0.7208990489324645,25.961955070495605,"{'num_leaves': 130, 'max_depth': 5, 'learning_rate': 0.016362239850894616, 'n_estimators': 150, 'min_child_samples': 18, 'colsample_bytree': 0.762378215816119}",tuning_method_compare.py(exp2)
LightGBM,Bayesian(TPE),4,0.7207273739292605,0.7208990489324645,31.1253502368927,"{'num_leaves': 80, 'max_depth': 6, 'learning_rate': 0.05243180891902853, 'n_estimators': 150, 'min_child_samples': 18, 'colsample_bytree': 0.6831809216468459}",tuning_method_compare.py(exp2)
LightGBM,Bayesian(TPE),5,0.7209515751939346,0.7209515751939346,46.81308722496033,"{'num_leaves': 80, 'max_depth': 11, 'learning_rate': 0.017172542103877867, 'n_estimators': 300, 'min_child_samples': 32, 'colsample_bytree': 0.5232252063599989}",tuning_method_compare.py(exp2)
LightGBM,Bayesian(TPE),6,0.7211804060149439,0.7211804060149439,61.76489806175232,"{'num_leaves': 70, 'max_depth': 12, 'learning_rate': 0.019678939127236877, 'n_estimators': 300, 'min_child_samples': 47, 'colsample_bytree': 0.552645379683401}",tuning_method_compare.py(exp2)
LightGBM,Bayesian(TPE),7,0.7209943447933527,0.7211804060149439,73.41217398643494,"{'num_leaves': 50, 'max_depth': 12, 'learning_rate': 0.024502344312720036, 'n_estimators': 300, 'min_child_samples': 43, 'colsample_bytree': 0.8627342273107519}",tuning_method_compare.py(exp2)
LightGBM,Bayesian(TPE),8,0.7191403519234584,0.7211804060149439,82.57476019859314,"{'num_leaves': 140, 'max_depth': 7, 'learning_rate': 0.0801372119040681, 'n_estimators': 250, 'min_child_samples': 50, 'colsample_bytree': 0.5370600891325921}",tuning_method_compare.py(exp2)
LightGBM,Bayesian(TPE),9,0.7155795636156782,0.7211804060149439,90.03592801094055,"{'num_leaves': 90, 'max_depth': 5, 'learning_rate': 0.010375162754126492, 'n_estimators': 300, 'min_child_samples': 42, 'colsample_bytree': 0.5563433179349805}",tuning_method_compare.py(exp2)
LightGBM,Bayesian(TPE),10,0.7163197846060895,0.7211804060149439,104.2234432697296,"{'num_leaves': 60, 'max_depth': 8, 'learning_rate': 0.07289815433147381, 'n_estimators': 450, 'min_child_samples': 43, 'colsample_bytree': 0.7409481648316648}",tuning_method_compare.py(exp2)
LightGBM,Bayesian(TPE),11,0.7205199379325532,0.7211804060149439,118.71260905265808,"{'num_leaves': 30, 'max_depth': 11, 'learning_rate': 0.012795573038076729, 'n_estimators': 500, 'min_child_samples': 46, 'colsample_bytree': 0.5818631760542986}",tuning_method_compare.py(exp2)
LightGBM,Bayesian(TPE),12,0.7201551102816602,0.7211804060149439,134.02896308898926,"{'num_leaves': 100, 'max_depth': 11, 'learning_rate': 0.016575686694430148, 'n_estimators': 250, 'min_child_samples': 48, 'colsample_bytree': 0.7484456138659131}",tuning_method_compare.py(exp2)
LightGBM,Bayesian(TPE),13,0.7196715964363523,0.7211804060149439,140.13528323173523,"{'num_leaves': 50, 'max_depth': 12, 'learning_rate': 0.03142955417863245, 'n_estimators': 150, 'min_child_samples': 40, 'colsample_bytree': 0.8752445251806272}",tuning_method_compare.py(exp2)
LightGBM,Bayesian(TPE),14,0.7204757913908116,0.7211804060149439,154.16936922073364,"{'num_leaves': 70, 'max_depth': 9, 'learning_rate': 0.03720455837880265, 'n_estimators': 350, 'min_child_samples': 47, 'colsample_bytree': 0.9412262330991349}",tuning_method_compare.py(exp2)
LightGBM,Bayesian(TPE),15,0.7209038215263814,0.7211804060149439,162.6540400981903,"{'num_leaves': 40, 'max_depth': 10, 'learning_rate': 0.028420906786811122, 'n_estimators': 250, 'min_child_samples': 40, 'colsample_bytree': 0.6413772501837659}",tuning_method_compare.py(exp2)
LightGBM,Bayesian(TPE),16,0.7182668199222636,0.7211804060149439,169.05023217201233,"{'num_leaves': 20, 'max_depth': 12, 'learning_rate': 0.019554121035284686, 'n_estimators': 250, 'min_child_samples': 33, 'colsample_bytree': 0.8420966923402083}",tuning_method_compare.py(exp2)
LightGBM,Bayesian(TPE),17,0.721167993005751,0.7211804060149439,188.44952535629272,"{'num_leaves': 80, 'max_depth': 11, 'learning_rate': 0.01476930058657441, 'n_estimators': 400, 'min_child_samples': 37, 'colsample_bytree': 0.7638291967897435}",tuning_method_compare.py(exp2)
LightGBM,Bayesian(TPE),18,0.7196216200688289,0.7211804060149439,199.0279040336609,"{'num_leaves': 40, 'max_depth': 12, 'learning_rate': 0.015417778986382904, 'n_estimators': 300, 'min_child_samples': 50, 'colsample_bytree': 0.5515567531187254}",tuning_method_compare.py(exp2)
LightGBM,Bayesian(TPE),19,0.7204051166716835,0.7211804060149439,219.36171221733093,"{'num_leaves': 70, 'max_depth': 11, 'learning_rate': 0.010500516721243537, 'n_estimators': 450, 'min_child_samples': 26, 'colsample_bytree': 0.6653192716473276}",tuning_method_compare.py(exp2)
LightGBM,Bayesian(TPE),20,0.7211888049551972,0.7211888049551972,235.67456316947937,"{'num_leaves': 60, 'max_depth': 12, 'learning_rate': 0.01716749395623266, 'n_estimators': 400, 'min_child_samples': 50, 'colsample_bytree': 0.7862891545574633}",tuning_method_compare.py(exp2)
LightGBM,Bayesian(TPE),21,0.7203846116235186,0.7211888049551972,248.87161421775815,"{'num_leaves': 50, 'max_depth': 10, 'learning_rate': 0.014531407835206765, 'n_estimators': 350, 'min_child_samples': 50, 'colsample_bytree': 0.7247367892223021}",tuning_method_compare.py(exp2)
LightGBM,Bayesian(TPE),22,0.7198061622605528,0.7211888049551972,265.979709148407,"{'num_leaves': 60, 'max_depth': 12, 'learning_rate': 0.011123169524055457, 'n_estimators': 400, 'min_child_samples': 37, 'colsample_bytree': 0.8611144113689417}",tuning_method_compare.py(exp2)
LightGBM,Bayesian(TPE),23,0.7216196607963158,0.7216196607963158,284.3997411727905,"{'num_leaves': 80, 'max_depth': 12, 'learning_rate': 0.0217388726331493, 'n_estimators': 400, 'min_child_samples': 46, 'colsample_bytree': 0.6030526778814689}",tuning_method_compare.py(exp2)
LightGBM,Bayesian(TPE),24,0.7213842668215967,0.7216196607963158,297.89211416244507,"{'num_leaves': 70, 'max_depth': 12, 'learning_rate': 0.023450875501415544, 'n_estimators': 300, 'min_child_samples': 47, 'colsample_bytree': 0.62126334233179}",tuning_method_compare.py(exp2)
LightGBM,Bayesian(TPE),25,0.7214894491502895,0.7216196607963158,313.2041881084442,"{'num_leaves': 60, 'max_depth': 12, 'learning_rate': 0.027997599281329808, 'n_estimators': 400, 'min_child_samples': 42, 'colsample_bytree': 0.5399346315837706}",tuning_method_compare.py(exp2)
LightGBM,Bayesian(TPE),26,0.7209131415895481,0.7216196607963158,329.54078221321106,"{'num_leaves': 90, 'max_depth': 11, 'learning_rate': 0.03519362046710053, 'n_estimators': 350, 'min_child_samples': 44, 'colsample_bytree': 0.5545101222642642}",tuning_method_compare.py(exp2)
LightGBM,Bayesian(TPE),27,0.7218845927351031,0.7218845927351031,343.5379183292389,"{'num_leaves': 50, 'max_depth': 10, 'learning_rate': 0.02386510541432804, 'n_estimators': 400, 'min_child_samples': 47, 'colsample_bytree': 0.5841940416374563}",tuning_method_compare.py(exp2)
LightGBM,Bayesian(TPE),28,0.7218486872465366,0.7218845927351031,356.74767422676086,"{'num_leaves': 40, 'max_depth': 9, 'learning_rate': 0.026142914525389062, 'n_estimators': 450, 'min_child_samples': 41, 'colsample_bytree': 0.5097148370370381}",tuning_method_compare.py(exp2)
LightGBM,Bayesian(TPE),29,0.7217774028011198,0.7218845927351031,368.98688197135925,"{'num_leaves': 40, 'max_depth': 9, 'learning_rate': 0.023366674714224326, 'n_estimators': 400, 'min_child_samples': 41, 'colsample_bytree': 0.5763822494816349}",tuning_method_compare.py(exp2)
LightGBM,Bayesian(TPE),30,0.7217992035562407,0.7218845927351031,378.21318912506104,"{'num_leaves': 20, 'max_depth': 9, 'learning_rate': 0.037277080150766743, 'n_estimators': 450, 'min_child_samples': 42, 'colsample_bytree': 0.517029617472192}",tuning_method_compare.py(exp2)
