method,trial,auc,best_so_far,cum_seconds,trial_seconds,params,experiment
Grid,1,0.7208682137024097,0.7208682137024097,4.918651103973389,4.918647050857544,"{'num_leaves': 31, 'learning_rate': 0.05, 'n_estimators': 200, 'colsample_bytree': 0.7}",exp1_grid_vs_random_vs_tpe
Grid,2,0.7209217082582731,0.7209217082582731,9.89278507232666,4.974123001098633,"{'num_leaves': 31, 'learning_rate': 0.05, 'n_estimators': 200, 'colsample_bytree': 1.0}",exp1_grid_vs_random_vs_tpe
Grid,3,0.7210346507731665,0.7210346507731665,16.781227111816406,6.888432025909424,"{'num_leaves': 31, 'learning_rate': 0.05, 'n_estimators': 300, 'colsample_bytree': 0.7}",exp1_grid_vs_random_vs_tpe
Grid,4,0.7209811055357984,0.7210346507731665,23.86159610748291,7.0803542137146,"{'num_leaves': 31, 'learning_rate': 0.05, 'n_estimators': 300, 'colsample_bytree': 1.0}",exp1_grid_vs_random_vs_tpe
Grid,5,0.7199498710001698,0.7210346507731665,28.37414026260376,4.512531995773315,"{'num_leaves': 31, 'learning_rate': 0.1, 'n_estimators': 200, 'colsample_bytree': 0.7}",exp1_grid_vs_random_vs_tpe
Grid,6,0.7193438967644127,0.7210346507731665,33.2601261138916,4.885977029800415,"{'num_leaves': 31, 'learning_rate': 0.1, 'n_estimators': 200, 'colsample_bytree': 1.0}",exp1_grid_vs_random_vs_tpe
Grid,7,0.7191209390893046,0.7210346507731665,39.31635808944702,6.056223154067993,"{'num_leaves': 31, 'learning_rate': 0.1, 'n_estimators': 300, 'colsample_bytree': 0.7}",exp1_grid_vs_random_vs_tpe
Grid,8,0.7183953784221098,0.7210346507731665,45.32285118103027,6.006480932235718,"{'num_leaves': 31, 'learning_rate': 0.1, 'n_estimators': 300, 'colsample_bytree': 1.0}",exp1_grid_vs_random_vs_tpe
Grid,9,0.7201652839124278,0.7210346507731665,52.503706216812134,7.180846929550171,"{'num_leaves': 63, 'learning_rate': 0.05, 'n_estimators': 200, 'colsample_bytree': 0.7}",exp1_grid_vs_random_vs_tpe
Grid,10,0.7200739004208166,0.7210346507731665,59.52709126472473,7.023377180099487,"{'num_leaves': 63, 'learning_rate': 0.05, 'n_estimators': 200, 'colsample_bytree': 1.0}",exp1_grid_vs_random_vs_tpe
Grid,11,0.7197251772006071,0.7210346507731665,69.18776106834412,9.66066312789917,"{'num_leaves': 63, 'learning_rate': 0.05, 'n_estimators': 300, 'colsample_bytree': 0.7}",exp1_grid_vs_random_vs_tpe
Grid,12,0.7193415696645479,0.7210346507731665,78.96185111999512,9.774081230163574,"{'num_leaves': 63, 'learning_rate': 0.05, 'n_estimators': 300, 'colsample_bytree': 1.0}",exp1_grid_vs_random_vs_tpe
Grid,13,0.7167052504379368,0.7210346507731665,85.23872828483582,6.276869058609009,"{'num_leaves': 63, 'learning_rate': 0.1, 'n_estimators': 200, 'colsample_bytree': 0.7}",exp1_grid_vs_random_vs_tpe
Grid,14,0.7162478467044612,0.7210346507731665,91.6309449672699,6.392210006713867,"{'num_leaves': 63, 'learning_rate': 0.1, 'n_estimators': 200, 'colsample_bytree': 1.0}",exp1_grid_vs_random_vs_tpe
Grid,15,0.7142549526110646,0.7210346507731665,100.56298422813416,8.932032108306885,"{'num_leaves': 63, 'learning_rate': 0.1, 'n_estimators': 300, 'colsample_bytree': 0.7}",exp1_grid_vs_random_vs_tpe
Grid,16,0.7141902571467406,0.7210346507731665,109.44571018218994,8.882717847824097,"{'num_leaves': 63, 'learning_rate': 0.1, 'n_estimators': 300, 'colsample_bytree': 1.0}",exp1_grid_vs_random_vs_tpe
Grid,17,0.7187991607170288,0.7210346507731665,120.43095803260803,10.985230922698975,"{'num_leaves': 127, 'learning_rate': 0.05, 'n_estimators': 200, 'colsample_bytree': 0.7}",exp1_grid_vs_random_vs_tpe
Grid,18,0.718130999048177,0.7210346507731665,131.69845128059387,11.267484903335571,"{'num_leaves': 127, 'learning_rate': 0.05, 'n_estimators': 200, 'colsample_bytree': 1.0}",exp1_grid_vs_random_vs_tpe
Grid,19,0.7177245938008774,0.7210346507731665,147.14841103553772,15.449952125549316,"{'num_leaves': 127, 'learning_rate': 0.05, 'n_estimators': 300, 'colsample_bytree': 0.7}",exp1_grid_vs_random_vs_tpe
Grid,20,0.7167668494524934,0.7210346507731665,163.49459505081177,16.346176147460938,"{'num_leaves': 127, 'learning_rate': 0.05, 'n_estimators': 300, 'colsample_bytree': 1.0}",exp1_grid_vs_random_vs_tpe
Grid,21,0.7120509635219987,0.7210346507731665,174.27243208885193,10.777828216552734,"{'num_leaves': 127, 'learning_rate': 0.1, 'n_estimators': 200, 'colsample_bytree': 0.7}",exp1_grid_vs_random_vs_tpe
Grid,22,0.7118596368143733,0.7210346507731665,185.79229426383972,11.519853115081787,"{'num_leaves': 127, 'learning_rate': 0.1, 'n_estimators': 200, 'colsample_bytree': 1.0}",exp1_grid_vs_random_vs_tpe
Grid,23,0.7093375410873435,0.7210346507731665,200.8536660671234,15.061362743377686,"{'num_leaves': 127, 'learning_rate': 0.1, 'n_estimators': 300, 'colsample_bytree': 0.7}",exp1_grid_vs_random_vs_tpe
Grid,24,0.7085763156065544,0.7210346507731665,215.73171091079712,14.878036975860596,"{'num_leaves': 127, 'learning_rate': 0.1, 'n_estimators': 300, 'colsample_bytree': 1.0}",exp1_grid_vs_random_vs_tpe
Random,1,0.7201652839124278,0.7201652839124278,7.208363056182861,7.207974910736084,"{'num_leaves': 63, 'learning_rate': 0.05, 'n_estimators': 200, 'colsample_bytree': 0.7}",exp1_grid_vs_random_vs_tpe
Random,2,0.7167668494524934,0.7201652839124278,23.080476999282837,15.87180495262146,"{'num_leaves': 127, 'learning_rate': 0.05, 'n_estimators': 300, 'colsample_bytree': 1.0}",exp1_grid_vs_random_vs_tpe
Random,3,0.7093375410873435,0.7201652839124278,38.513773918151855,15.433088064193726,"{'num_leaves': 127, 'learning_rate': 0.1, 'n_estimators': 300, 'colsample_bytree': 0.7}",exp1_grid_vs_random_vs_tpe
Random,4,0.7197251772006071,0.7201652839124278,48.80651092529297,10.292345762252808,"{'num_leaves': 63, 'learning_rate': 0.05, 'n_estimators': 300, 'colsample_bytree': 0.7}",exp1_grid_vs_random_vs_tpe
Random,5,0.7187991607170288,0.7201652839124278,60.79740285873413,11.99066424369812,"{'num_leaves': 127, 'learning_rate': 0.05, 'n_estimators': 200, 'colsample_bytree': 0.7}",exp1_grid_vs_random_vs_tpe
Random,6,0.7208682137024097,0.7208682137024097,66.44119882583618,5.64357590675354,"{'num_leaves': 31, 'learning_rate': 0.05, 'n_estimators': 200, 'colsample_bytree': 0.7}",exp1_grid_vs_random_vs_tpe
Random,7,0.7193415696645479,0.7208682137024097,78.25000786781311,11.808462142944336,"{'num_leaves': 63, 'learning_rate': 0.05, 'n_estimators': 300, 'colsample_bytree': 1.0}",exp1_grid_vs_random_vs_tpe
Random,8,0.7093375410873435,0.7208682137024097,93.83495092391968,15.584734916687012,"{'num_leaves': 127, 'learning_rate': 0.1, 'n_estimators': 300, 'colsample_bytree': 0.7}",exp1_grid_vs_random_vs_tpe
Random,9,0.7141902571467406,0.7208682137024097,103.61307191848755,9.77790904045105,"{'num_leaves': 63, 'learning_rate': 0.1, 'n_estimators': 300, 'colsample_bytree': 1.0}",exp1_grid_vs_random_vs_tpe
Random,10,0.7199498710001698,0.7208682137024097,108.65400290489197,5.0407140254974365,"{'num_leaves': 31, 'learning_rate': 0.1, 'n_estimators': 200, 'colsample_bytree': 0.7}",exp1_grid_vs_random_vs_tpe
Random,11,0.7093375410873435,0.7208682137024097,124.20987701416016,15.55562686920166,"{'num_leaves': 127, 'learning_rate': 0.1, 'n_estimators': 300, 'colsample_bytree': 0.7}",exp1_grid_vs_random_vs_tpe
Random,12,0.7118596368143733,0.7208682137024097,135.98193192481995,11.771834135055542,"{'num_leaves': 127, 'learning_rate': 0.1, 'n_estimators': 200, 'colsample_bytree': 1.0}",exp1_grid_vs_random_vs_tpe
Random,13,0.7120509635219987,0.7208682137024097,146.63966012001038,10.657515048980713,"{'num_leaves': 127, 'learning_rate': 0.1, 'n_estimators': 200, 'colsample_bytree': 0.7}",exp1_grid_vs_random_vs_tpe
Random,14,0.7162478467044612,0.7208682137024097,153.95625710487366,7.316341161727905,"{'num_leaves': 63, 'learning_rate': 0.1, 'n_estimators': 200, 'colsample_bytree': 1.0}",exp1_grid_vs_random_vs_tpe
Random,15,0.7200739004208166,0.7208682137024097,161.8271770477295,7.870687961578369,"{'num_leaves': 63, 'learning_rate': 0.05, 'n_estimators': 200, 'colsample_bytree': 1.0}",exp1_grid_vs_random_vs_tpe
Random,16,0.7120509635219987,0.7208682137024097,172.84502792358398,11.017628908157349,"{'num_leaves': 127, 'learning_rate': 0.1, 'n_estimators': 200, 'colsample_bytree': 0.7}",exp1_grid_vs_random_vs_tpe
Random,17,0.7177245938008774,0.7208682137024097,189.43144488334656,16.586212158203125,"{'num_leaves': 127, 'learning_rate': 0.05, 'n_estimators': 300, 'colsample_bytree': 0.7}",exp1_grid_vs_random_vs_tpe
Random,18,0.7141902571467406,0.7208682137024097,199.53203678131104,10.100383996963501,"{'num_leaves': 63, 'learning_rate': 0.1, 'n_estimators': 300, 'colsample_bytree': 1.0}",exp1_grid_vs_random_vs_tpe
Random,19,0.7209217082582731,0.7209217082582731,205.0114040374756,5.479137897491455,"{'num_leaves': 31, 'learning_rate': 0.05, 'n_estimators': 200, 'colsample_bytree': 1.0}",exp1_grid_vs_random_vs_tpe
Random,20,0.7201652839124278,0.7209217082582731,212.97853589057922,7.9668869972229,"{'num_leaves': 63, 'learning_rate': 0.05, 'n_estimators': 200, 'colsample_bytree': 0.7}",exp1_grid_vs_random_vs_tpe
Random,21,0.7177245938008774,0.7209217082582731,229.67761898040771,16.698852062225342,"{'num_leaves': 127, 'learning_rate': 0.05, 'n_estimators': 300, 'colsample_bytree': 0.7}",exp1_grid_vs_random_vs_tpe
Random,22,0.7167668494524934,0.7209217082582731,247.6358358860016,17.957772970199585,"{'num_leaves': 127, 'learning_rate': 0.05, 'n_estimators': 300, 'colsample_bytree': 1.0}",exp1_grid_vs_random_vs_tpe
Random,23,0.7193438967644127,0.7209217082582731,252.66873979568481,5.032669305801392,"{'num_leaves': 31, 'learning_rate': 0.1, 'n_estimators': 200, 'colsample_bytree': 1.0}",exp1_grid_vs_random_vs_tpe
Random,24,0.7199498710001698,0.7209217082582731,257.52007603645325,4.851099967956543,"{'num_leaves': 31, 'learning_rate': 0.1, 'n_estimators': 200, 'colsample_bytree': 0.7}",exp1_grid_vs_random_vs_tpe
Bayesian(TPE),1,0.7201652839124278,0.7201652839124278,8.270498037338257,8.270203828811646,"{'num_leaves': 63, 'learning_rate': 0.05, 'n_estimators': 200, 'colsample_bytree': 0.7}",exp1_grid_vs_random_vs_tpe
Bayesian(TPE),2,0.7167668494524934,0.7201652839124278,24.781922101974487,16.511129140853882,"{'num_leaves': 127, 'learning_rate': 0.05, 'n_estimators': 300, 'colsample_bytree': 1.0}",exp1_grid_vs_random_vs_tpe
Bayesian(TPE),3,0.7093375410873435,0.7201652839124278,41.30835819244385,16.52611994743347,"{'num_leaves': 127, 'learning_rate': 0.1, 'n_estimators': 300, 'colsample_bytree': 0.7}",exp1_grid_vs_random_vs_tpe
Bayesian(TPE),4,0.7197251772006071,0.7201652839124278,52.826761960983276,11.518072843551636,"{'num_leaves': 63, 'learning_rate': 0.05, 'n_estimators': 300, 'colsample_bytree': 0.7}",exp1_grid_vs_random_vs_tpe
Bayesian(TPE),5,0.7187991607170288,0.7201652839124278,65.24492692947388,12.417857885360718,"{'num_leaves': 127, 'learning_rate': 0.05, 'n_estimators': 200, 'colsample_bytree': 0.7}",exp1_grid_vs_random_vs_tpe
Bayesian(TPE),6,0.7167052504379368,0.7201652839124278,73.14983606338501,7.9019997119903564,"{'num_leaves': 63, 'learning_rate': 0.1, 'n_estimators': 200, 'colsample_bytree': 0.7}",exp1_grid_vs_random_vs_tpe
Bayesian(TPE),7,0.7200739004208166,0.7201652839124278,81.31879186630249,8.168179035186768,"{'num_leaves': 63, 'learning_rate': 0.05, 'n_estimators': 200, 'colsample_bytree': 1.0}",exp1_grid_vs_random_vs_tpe
Bayesian(TPE),8,0.7201652839124278,0.7201652839124278,89.92694807052612,8.607343912124634,"{'num_leaves': 63, 'learning_rate': 0.05, 'n_estimators': 200, 'colsample_bytree': 0.7}",exp1_grid_vs_random_vs_tpe
Bayesian(TPE),9,0.7193438967644127,0.7201652839124278,95.08685111999512,5.158840179443359,"{'num_leaves': 31, 'learning_rate': 0.1, 'n_estimators': 200, 'colsample_bytree': 1.0}",exp1_grid_vs_random_vs_tpe
Bayesian(TPE),10,0.7208682137024097,0.7208682137024097,101.05802893638611,5.970361232757568,"{'num_leaves': 31, 'learning_rate': 0.05, 'n_estimators': 200, 'colsample_bytree': 0.7}",exp1_grid_vs_random_vs_tpe
Bayesian(TPE),11,0.7208682137024097,0.7208682137024097,106.6351568698883,5.5762879848480225,"{'num_leaves': 31, 'learning_rate': 0.05, 'n_estimators': 200, 'colsample_bytree': 0.7}",exp1_grid_vs_random_vs_tpe
Bayesian(TPE),12,0.7208682137024097,0.7208682137024097,112.18362402915955,5.547672986984253,"{'num_leaves': 31, 'learning_rate': 0.05, 'n_estimators': 200, 'colsample_bytree': 0.7}",exp1_grid_vs_random_vs_tpe
Bayesian(TPE),13,0.7210346507731665,0.7210346507731665,120.16662287712097,7.98222279548645,"{'num_leaves': 31, 'learning_rate': 0.05, 'n_estimators': 300, 'colsample_bytree': 0.7}",exp1_grid_vs_random_vs_tpe
Bayesian(TPE),14,0.7210346507731665,0.7210346507731665,127.73779892921448,7.570291042327881,"{'num_leaves': 31, 'learning_rate': 0.05, 'n_estimators': 300, 'colsample_bytree': 0.7}",exp1_grid_vs_random_vs_tpe
Bayesian(TPE),15,0.7210346507731665,0.7210346507731665,135.64701581001282,7.908335208892822,"{'num_leaves': 31, 'learning_rate': 0.05, 'n_estimators': 300, 'colsample_bytree': 0.7}",exp1_grid_vs_random_vs_tpe
Bayesian(TPE),16,0.7191209390893046,0.7210346507731665,142.5784010887146,6.93058705329895,"{'num_leaves': 31, 'learning_rate': 0.1, 'n_estimators': 300, 'colsample_bytree': 0.7}",exp1_grid_vs_random_vs_tpe
Bayesian(TPE),17,0.7209811055357984,0.7210346507731665,150.46411800384521,7.884845733642578,"{'num_leaves': 31, 'learning_rate': 0.05, 'n_estimators': 300, 'colsample_bytree': 1.0}",exp1_grid_vs_random_vs_tpe
Bayesian(TPE),18,0.7177245938008774,0.7210346507731665,167.78389716148376,17.31891417503357,"{'num_leaves': 127, 'learning_rate': 0.05, 'n_estimators': 300, 'colsample_bytree': 0.7}",exp1_grid_vs_random_vs_tpe
Bayesian(TPE),19,0.7141902571467406,0.7210346507731665,177.96747994422913,10.18268609046936,"{'num_leaves': 63, 'learning_rate': 0.1, 'n_estimators': 300, 'colsample_bytree': 1.0}",exp1_grid_vs_random_vs_tpe
Bayesian(TPE),20,0.7210346507731665,0.7210346507731665,185.815584897995,7.84726881980896,"{'num_leaves': 31, 'learning_rate': 0.05, 'n_estimators': 300, 'colsample_bytree': 0.7}",exp1_grid_vs_random_vs_tpe
Bayesian(TPE),21,0.7183953784221098,0.7210346507731665,192.76127696037292,6.944879055023193,"{'num_leaves': 31, 'learning_rate': 0.1, 'n_estimators': 300, 'colsample_bytree': 1.0}",exp1_grid_vs_random_vs_tpe
Bayesian(TPE),22,0.7210346507731665,0.7210346507731665,200.65041780471802,7.888324022293091,"{'num_leaves': 31, 'learning_rate': 0.05, 'n_estimators': 300, 'colsample_bytree': 0.7}",exp1_grid_vs_random_vs_tpe
Bayesian(TPE),23,0.7210346507731665,0.7210346507731665,208.23375415802002,7.5824689865112305,"{'num_leaves': 31, 'learning_rate': 0.05, 'n_estimators': 300, 'colsample_bytree': 0.7}",exp1_grid_vs_random_vs_tpe
Bayesian(TPE),24,0.7210346507731665,0.7210346507731665,216.08818984031677,7.8535051345825195,"{'num_leaves': 31, 'learning_rate': 0.05, 'n_estimators': 300, 'colsample_bytree': 0.7}",exp1_grid_vs_random_vs_tpe
Random,1,0.7171264284850083,0.7171264284850083,13.843333959579468,13.842931985855103,"{'num_leaves': 70, 'max_depth': 12, 'learning_rate': 0.07259248719561363, 'n_estimators': 350, 'min_child_samples': 12, 'colsample_bytree': 0.5779972601681014}",exp2_random_vs_tpe
Random,2,0.7208990489324645,0.7208990489324645,21.498029947280884,7.654371976852417,"{'num_leaves': 20, 'max_depth': 11, 'learning_rate': 0.05092911283433821, 'n_estimators': 400, 'min_child_samples': 5, 'colsample_bytree': 0.9849549260809971}",exp2_random_vs_tpe
Random,3,0.7138068177487357,0.7208990489324645,25.50849485397339,4.010104656219482,"{'num_leaves': 130, 'max_depth': 5, 'learning_rate': 0.016362239850894616, 'n_estimators': 150, 'min_child_samples': 18, 'colsample_bytree': 0.762378215816119}",exp2_random_vs_tpe
Random,4,0.7207273739292605,0.7208990489324645,30.910272121429443,5.401439905166626,"{'num_leaves': 80, 'max_depth': 6, 'learning_rate': 0.05243180891902853, 'n_estimators': 150, 'min_child_samples': 18, 'colsample_bytree': 0.6831809216468459}",exp2_random_vs_tpe
Random,5,0.7209515751939346,0.7209515751939346,46.21330380439758,15.302710056304932,"{'num_leaves': 80, 'max_depth': 11, 'learning_rate': 0.017172542103877867, 'n_estimators': 300, 'min_child_samples': 32, 'colsample_bytree': 0.5232252063599989}",exp2_random_vs_tpe
Random,6,0.7195056807069768,0.7209515751939346,57.39892101287842,11.185291051864624,"{'num_leaves': 100, 'max_depth': 5, 'learning_rate': 0.011926324174062874, 'n_estimators': 500, 'min_child_samples': 49, 'colsample_bytree': 0.9041986740582306}",exp2_random_vs_tpe
Random,7,0.7215232667197663,0.7215232667197663,62.119925022125244,4.720675945281982,"{'num_leaves': 60, 'max_depth': 4, 'learning_rate': 0.06378528225249058, 'n_estimators': 250, 'min_child_samples': 10, 'colsample_bytree': 0.7475884550556351}",exp2_random_vs_tpe
Random,8,0.7201469271866,0.7215232667197663,70.34382700920105,8.22356629371643,"{'num_leaves': 20, 'max_depth': 12, 'learning_rate': 0.020153425505297702, 'n_estimators': 350, 'min_child_samples': 19, 'colsample_bytree': 0.7600340105889054}",exp2_random_vs_tpe
Random,9,0.7163555779206169,0.7215232667197663,78.02386808395386,7.67972993850708,"{'num_leaves': 90, 'max_depth': 5, 'learning_rate': 0.13814017620274424, 'n_estimators': 400, 'min_child_samples': 48, 'colsample_bytree': 0.9474136752138245}",exp2_random_vs_tpe
Random,10,0.716134920780339,0.7215232667197663,87.6012351512909,9.577014207839966,"{'num_leaves': 100, 'max_depth': 12, 'learning_rate': 0.012707942999213693, 'n_estimators': 150, 'min_child_samples': 7, 'colsample_bytree': 0.6626651653816322}",exp2_random_vs_tpe
Random,11,0.718684848323917,0.7215232667197663,94.90537619590759,7.303828954696655,"{'num_leaves': 70, 'max_depth': 6, 'learning_rate': 0.09433458442225107, 'n_estimators': 250, 'min_child_samples': 17, 'colsample_bytree': 0.7713480415791243}",exp2_random_vs_tpe
Random,12,0.7204729130319945,0.7215232667197663,109.34996318817139,14.444178104400635,"{'num_leaves': 30, 'max_depth': 11, 'learning_rate': 0.012237095811188047, 'n_estimators': 500, 'min_child_samples': 40, 'colsample_bytree': 0.5993578407670862}",exp2_random_vs_tpe
Random,13,0.7209401938325647,0.7215232667197663,117.40100479125977,8.050693273544312,"{'num_leaves': 20, 'max_depth': 11, 'learning_rate': 0.06781546492336318, 'n_estimators': 400, 'min_child_samples': 40, 'colsample_bytree': 0.5370223258670452}",exp2_random_vs_tpe
Random,14,0.7204944337906417,0.7215232667197663,124.88845705986023,7.487112760543823,"{'num_leaves': 70, 'max_depth': 5, 'learning_rate': 0.10353528774657658, 'n_estimators': 350, 'min_child_samples': 20, 'colsample_bytree': 0.5317791751430119}",exp2_random_vs_tpe
Random,15,0.7194723121638331,0.7215232667197663,134.0442247390747,9.15542721748352,"{'num_leaves': 60, 'max_depth': 6, 'learning_rate': 0.0721246051988986, 'n_estimators': 350, 'min_child_samples': 45, 'colsample_bytree': 0.7361074625809747}",exp2_random_vs_tpe
Random,16,0.7194827262440784,0.7215232667197663,142.34771585464478,8.303160667419434,"{'num_leaves': 30, 'max_depth': 10, 'learning_rate': 0.07847885275945195, 'n_estimators': 350, 'min_child_samples': 40, 'colsample_bytree': 0.7468977981821954}",exp2_random_vs_tpe
Random,17,0.7127100985989014,0.7215232667197663,147.74712991714478,5.399084091186523,"{'num_leaves': 90, 'max_depth': 7, 'learning_rate': 0.0107126079864151, 'n_estimators': 100, 'min_child_samples': 6, 'colsample_bytree': 0.8182052056318903}",exp2_random_vs_tpe
Random,18,0.7153808696804207,0.7215232667197663,154.6970248222351,6.949583292007446,"{'num_leaves': 60, 'max_depth': 8, 'learning_rate': 0.11678336826028975, 'n_estimators': 200, 'min_child_samples': 23, 'colsample_bytree': 0.8777755692715243}",exp2_random_vs_tpe
Random,19,0.7139678666231974,0.7215232667197663,158.08280301094055,3.3854620456695557,"{'num_leaves': 50, 'max_depth': 4, 'learning_rate': 0.02191664893471126, 'n_estimators': 150, 'min_child_samples': 47, 'colsample_bytree': 0.9040601897822085}",exp2_random_vs_tpe
Random,20,0.7177412925226995,0.7215232667197663,166.00513911247253,7.921995162963867,"{'num_leaves': 100, 'max_depth': 11, 'learning_rate': 0.08814378684431647, 'n_estimators': 150, 'min_child_samples': 46, 'colsample_bytree': 0.7696711209578253}",exp2_random_vs_tpe
Random,21,0.7174640845778422,0.7215232667197663,174.0385639667511,8.033109903335571,"{'num_leaves': 130, 'max_depth': 12, 'learning_rate': 0.023659257295689295, 'n_estimators': 100, 'min_child_samples': 15, 'colsample_bytree': 0.7135538943131281}",exp2_random_vs_tpe
Random,22,0.7192416627437104,0.7215232667197663,195.49785494804382,21.45900321006775,"{'num_leaves': 130, 'max_depth': 11, 'learning_rate': 0.01019005058575656, 'n_estimators': 300, 'min_child_samples': 24, 'colsample_bytree': 0.6110539052353652}",exp2_random_vs_tpe
Random,23,0.7189090009297695,0.7215232667197663,200.55059385299683,5.052391290664673,"{'num_leaves': 30, 'max_depth': 7, 'learning_rate': 0.12851323643357537, 'n_estimators': 200, 'min_child_samples': 28, 'colsample_bytree': 0.8515094794475889}",exp2_random_vs_tpe
Random,24,0.7123996407057693,0.7215232667197663,208.52704000473022,7.976135730743408,"{'num_leaves': 70, 'max_depth': 12, 'learning_rate': 0.13549580543106624, 'n_estimators': 200, 'min_child_samples': 27, 'colsample_bytree': 0.6504391549083848}",exp2_random_vs_tpe
Random,25,0.7214275168939567,0.7215232667197663,213.55281281471252,5.025463104248047,"{'num_leaves': 50, 'max_depth': 4, 'learning_rate': 0.05210786568543147, 'n_estimators': 300, 'min_child_samples': 7, 'colsample_bytree': 0.6393232321183058}",exp2_random_vs_tpe
Random,26,0.7192393149777992,0.7215232667197663,223.67608189582825,10.122935056686401,"{'num_leaves': 140, 'max_depth': 6, 'learning_rate': 0.014805040254047405, 'n_estimators': 300, 'min_child_samples': 50, 'colsample_bytree': 0.6210276357557503}",exp2_random_vs_tpe
Random,27,0.7207025537446644,0.7215232667197663,247.01872491836548,23.342293977737427,"{'num_leaves': 110, 'max_depth': 10, 'learning_rate': 0.019031956584088256, 'n_estimators': 400, 'min_child_samples': 21, 'colsample_bytree': 0.8161529152967897}",exp2_random_vs_tpe
Random,28,0.7211723778265583,0.7215232667197663,271.42090606689453,24.40180802345276,"{'num_leaves': 100, 'max_depth': 8, 'learning_rate': 0.012769944487690825, 'n_estimators': 450, 'min_child_samples': 19, 'colsample_bytree': 0.5932592551999272}",exp2_random_vs_tpe
Random,29,0.7193097035388814,0.7215232667197663,274.31775283813477,2.89648699760437,"{'num_leaves': 20, 'max_depth': 9, 'learning_rate': 0.06264371764762426, 'n_estimators': 100, 'min_child_samples': 28, 'colsample_bytree': 0.613247887598969}",exp2_random_vs_tpe
Random,30,0.7219401052761872,0.7219401052761872,279.87032198905945,5.552203893661499,"{'num_leaves': 110, 'max_depth': 5, 'learning_rate': 0.06495399003319909, 'n_estimators': 250, 'min_child_samples': 48, 'colsample_bytree': 0.5687604720729966}",exp2_random_vs_tpe
Bayesian(TPE),1,0.7171264284850083,0.7171264284850083,13.865210056304932,13.86481785774231,"{'num_leaves': 70, 'max_depth': 12, 'learning_rate': 0.07259248719561363, 'n_estimators': 350, 'min_child_samples': 12, 'colsample_bytree': 0.5779972601681014}",exp2_random_vs_tpe
Bayesian(TPE),2,0.7208990489324645,0.7208990489324645,21.974338054656982,8.108745098114014,"{'num_leaves': 20, 'max_depth': 11, 'learning_rate': 0.05092911283433821, 'n_estimators': 400, 'min_child_samples': 5, 'colsample_bytree': 0.9849549260809971}",exp2_random_vs_tpe
Bayesian(TPE),3,0.7138068177487357,0.7208990489324645,25.961955070495605,3.98720383644104,"{'num_leaves': 130, 'max_depth': 5, 'learning_rate': 0.016362239850894616, 'n_estimators': 150, 'min_child_samples': 18, 'colsample_bytree': 0.762378215816119}",exp2_random_vs_tpe
Bayesian(TPE),4,0.7207273739292605,0.7208990489324645,31.1253502368927,5.163023948669434,"{'num_leaves': 80, 'max_depth': 6, 'learning_rate': 0.05243180891902853, 'n_estimators': 150, 'min_child_samples': 18, 'colsample_bytree': 0.6831809216468459}",exp2_random_vs_tpe
Bayesian(TPE),5,0.7209515751939346,0.7209515751939346,46.81308722496033,15.687340021133423,"{'num_leaves': 80, 'max_depth': 11, 'learning_rate': 0.017172542103877867, 'n_estimators': 300, 'min_child_samples': 32, 'colsample_bytree': 0.5232252063599989}",exp2_random_vs_tpe
Bayesian(TPE),6,0.7211804060149439,0.7211804060149439,61.76489806175232,14.947256803512573,"{'num_leaves': 70, 'max_depth': 12, 'learning_rate': 0.019678939127236877, 'n_estimators': 300, 'min_child_samples': 47, 'colsample_bytree': 0.552645379683401}",exp2_random_vs_tpe
Bayesian(TPE),7,0.7209943447933527,0.7211804060149439,73.41217398643494,11.644742012023926,"{'num_leaves': 50, 'max_depth': 12, 'learning_rate': 0.024502344312720036, 'n_estimators': 300, 'min_child_samples': 43, 'colsample_bytree': 0.8627342273107519}",exp2_random_vs_tpe
Bayesian(TPE),8,0.7191403519234584,0.7211804060149439,82.57476019859314,9.160168886184692,"{'num_leaves': 140, 'max_depth': 7, 'learning_rate': 0.0801372119040681, 'n_estimators': 250, 'min_child_samples': 50, 'colsample_bytree': 0.5370600891325921}",exp2_random_vs_tpe
Bayesian(TPE),9,0.7155795636156782,0.7211804060149439,90.03592801094055,7.4587318897247314,"{'num_leaves': 90, 'max_depth': 5, 'learning_rate': 0.010375162754126492, 'n_estimators': 300, 'min_child_samples': 42, 'colsample_bytree': 0.5563433179349805}",exp2_random_vs_tpe
Bayesian(TPE),10,0.7163197846060895,0.7211804060149439,104.22344326972961,14.18500304222107,"{'num_leaves': 60, 'max_depth': 8, 'learning_rate': 0.07289815433147381, 'n_estimators': 450, 'min_child_samples': 43, 'colsample_bytree': 0.7409481648316648}",exp2_random_vs_tpe
Bayesian(TPE),11,0.7205199379325532,0.7211804060149439,118.71260905265808,14.486456155776978,"{'num_leaves': 30, 'max_depth': 11, 'learning_rate': 0.012795573038076729, 'n_estimators': 500, 'min_child_samples': 46, 'colsample_bytree': 0.5818631760542986}",exp2_random_vs_tpe
Bayesian(TPE),12,0.7201551102816602,0.7211804060149439,134.02896308898926,15.313408136367798,"{'num_leaves': 100, 'max_depth': 11, 'learning_rate': 0.016575686694430148, 'n_estimators': 250, 'min_child_samples': 48, 'colsample_bytree': 0.7484456138659131}",exp2_random_vs_tpe
Bayesian(TPE),13,0.7196715964363523,0.7211804060149439,140.13528323173523,6.103675842285156,"{'num_leaves': 50, 'max_depth': 12, 'learning_rate': 0.03142955417863245, 'n_estimators': 150, 'min_child_samples': 40, 'colsample_bytree': 0.8752445251806272}",exp2_random_vs_tpe
Bayesian(TPE),14,0.7204757913908116,0.7211804060149439,154.16936922073364,14.031532764434814,"{'num_leaves': 70, 'max_depth': 9, 'learning_rate': 0.03720455837880265, 'n_estimators': 350, 'min_child_samples': 47, 'colsample_bytree': 0.9412262330991349}",exp2_random_vs_tpe
Bayesian(TPE),15,0.7209038215263814,0.7211804060149439,162.6540400981903,8.481772661209106,"{'num_leaves': 40, 'max_depth': 10, 'learning_rate': 0.028420906786811122, 'n_estimators': 250, 'min_child_samples': 40, 'colsample_bytree': 0.6413772501837659}",exp2_random_vs_tpe
Bayesian(TPE),16,0.7182668199222636,0.7211804060149439,169.05023217201233,6.393643140792847,"{'num_leaves': 20, 'max_depth': 12, 'learning_rate': 0.019554121035284686, 'n_estimators': 250, 'min_child_samples': 33, 'colsample_bytree': 0.8420966923402083}",exp2_random_vs_tpe
Bayesian(TPE),17,0.721167993005751,0.7211804060149439,188.44952535629272,19.3963782787323,"{'num_leaves': 80, 'max_depth': 11, 'learning_rate': 0.01476930058657441, 'n_estimators': 400, 'min_child_samples': 37, 'colsample_bytree': 0.7638291967897435}",exp2_random_vs_tpe
Bayesian(TPE),18,0.7196216200688289,0.7211804060149439,199.0279040336609,10.575782060623169,"{'num_leaves': 40, 'max_depth': 12, 'learning_rate': 0.015417778986382904, 'n_estimators': 300, 'min_child_samples': 50, 'colsample_bytree': 0.5515567531187254}",exp2_random_vs_tpe
Bayesian(TPE),19,0.7204051166716835,0.7211804060149439,219.36171221733093,20.33110785484314,"{'num_leaves': 70, 'max_depth': 11, 'learning_rate': 0.010500516721243537, 'n_estimators': 450, 'min_child_samples': 26, 'colsample_bytree': 0.6653192716473276}",exp2_random_vs_tpe
Bayesian(TPE),20,0.7211888049551972,0.7211888049551972,235.67456316947937,16.309872150421143,"{'num_leaves': 60, 'max_depth': 12, 'learning_rate': 0.01716749395623266, 'n_estimators': 400, 'min_child_samples': 50, 'colsample_bytree': 0.7862891545574633}",exp2_random_vs_tpe
Bayesian(TPE),21,0.7203846116235186,0.7211888049551972,248.87161421775818,13.194295883178711,"{'num_leaves': 50, 'max_depth': 10, 'learning_rate': 0.014531407835206765, 'n_estimators': 350, 'min_child_samples': 50, 'colsample_bytree': 0.7247367892223021}",exp2_random_vs_tpe
Bayesian(TPE),22,0.7198061622605528,0.7211888049551972,265.979709148407,17.105416774749756,"{'num_leaves': 60, 'max_depth': 12, 'learning_rate': 0.011123169524055457, 'n_estimators': 400, 'min_child_samples': 37, 'colsample_bytree': 0.8611144113689417}",exp2_random_vs_tpe
Bayesian(TPE),23,0.7216196607963158,0.7216196607963158,284.3997411727905,18.417256832122803,"{'num_leaves': 80, 'max_depth': 12, 'learning_rate': 0.0217388726331493, 'n_estimators': 400, 'min_child_samples': 46, 'colsample_bytree': 0.6030526778814689}",exp2_random_vs_tpe
Bayesian(TPE),24,0.7213842668215967,0.7216196607963158,297.89211416244507,13.489673852920532,"{'num_leaves': 70, 'max_depth': 12, 'learning_rate': 0.023450875501415544, 'n_estimators': 300, 'min_child_samples': 47, 'colsample_bytree': 0.62126334233179}",exp2_random_vs_tpe
Bayesian(TPE),25,0.7214894491502895,0.7216196607963158,313.2041881084442,15.30944013595581,"{'num_leaves': 60, 'max_depth': 12, 'learning_rate': 0.027997599281329808, 'n_estimators': 400, 'min_child_samples': 42, 'colsample_bytree': 0.5399346315837706}",exp2_random_vs_tpe
Bayesian(TPE),26,0.7209131415895481,0.7216196607963158,329.54078221321106,16.333871841430664,"{'num_leaves': 90, 'max_depth': 11, 'learning_rate': 0.03519362046710053, 'n_estimators': 350, 'min_child_samples': 44, 'colsample_bytree': 0.5545101222642642}",exp2_random_vs_tpe
Bayesian(TPE),27,0.7218845927351031,0.7218845927351031,343.5379183292389,13.99423623085022,"{'num_leaves': 50, 'max_depth': 10, 'learning_rate': 0.02386510541432804, 'n_estimators': 400, 'min_child_samples': 47, 'colsample_bytree': 0.5841940416374563}",exp2_random_vs_tpe
Bayesian(TPE),28,0.7218486872465366,0.7218845927351031,356.74767422676086,13.20703387260437,"{'num_leaves': 40, 'max_depth': 9, 'learning_rate': 0.026142914525389062, 'n_estimators': 450, 'min_child_samples': 41, 'colsample_bytree': 0.5097148370370381}",exp2_random_vs_tpe
Bayesian(TPE),29,0.7217774028011198,0.7218845927351031,368.98688197135925,12.236186265945435,"{'num_leaves': 40, 'max_depth': 9, 'learning_rate': 0.023366674714224326, 'n_estimators': 400, 'min_child_samples': 41, 'colsample_bytree': 0.5763822494816349}",exp2_random_vs_tpe
Bayesian(TPE),30,0.7217992035562407,0.7218845927351031,378.21318912506104,9.2233567237854,"{'num_leaves': 20, 'max_depth': 9, 'learning_rate': 0.037277080150766743, 'n_estimators': 450, 'min_child_samples': 42, 'colsample_bytree': 0.517029617472192}",exp2_random_vs_tpe
