model,method,trial,auc,best_so_far,cum_seconds,params
XGBoost,Grid,1,0.7202860948023725,0.7202860948023725,2.2668821811676025,"{'max_depth': 4, 'learning_rate': 0.05, 'n_estimators': 200, 'colsample_bytree': 0.7}"
XGBoost,Grid,2,0.7202794888054233,0.7202860948023725,4.807650089263916,"{'max_depth': 4, 'learning_rate': 0.05, 'n_estimators': 200, 'colsample_bytree': 1.0}"
XGBoost,Grid,3,0.7214556040171488,0.7214556040171488,8.167480945587158,"{'max_depth': 4, 'learning_rate': 0.05, 'n_estimators': 300, 'colsample_bytree': 0.7}"
XGBoost,Grid,4,0.7213987803827483,0.7214556040171488,11.594490051269531,"{'max_depth': 4, 'learning_rate': 0.05, 'n_estimators': 300, 'colsample_bytree': 1.0}"
XGBoost,Grid,5,0.7215144932895301,0.7215144932895301,13.801076173782349,"{'max_depth': 4, 'learning_rate': 0.1, 'n_estimators': 200, 'colsample_bytree': 0.7}"
XGBoost,Grid,6,0.7215504337509936,0.7215504337509936,15.989069938659668,"{'max_depth': 4, 'learning_rate': 0.1, 'n_estimators': 200, 'colsample_bytree': 1.0}"
XGBoost,Grid,7,0.7216978531903128,0.7216978531903128,19.008282899856567,"{'max_depth': 4, 'learning_rate': 0.1, 'n_estimators': 300, 'colsample_bytree': 0.7}"
XGBoost,Grid,8,0.7215037093412621,0.7216978531903128,22.25654101371765,"{'max_depth': 4, 'learning_rate': 0.1, 'n_estimators': 300, 'colsample_bytree': 1.0}"
XGBoost,Grid,9,0.7210044243083318,0.7216978531903128,25.481136083602905,"{'max_depth': 6, 'learning_rate': 0.05, 'n_estimators': 200, 'colsample_bytree': 0.7}"
XGBoost,Grid,10,0.7204369150006227,0.7216978531903128,28.792399883270264,"{'max_depth': 6, 'learning_rate': 0.05, 'n_estimators': 200, 'colsample_bytree': 1.0}"
XGBoost,Grid,11,0.7211448472944507,0.7216978531903128,33.10298204421997,"{'max_depth': 6, 'learning_rate': 0.05, 'n_estimators': 300, 'colsample_bytree': 0.7}"
XGBoost,Grid,12,0.7201477536794648,0.7216978531903128,37.35015416145325,"{'max_depth': 6, 'learning_rate': 0.05, 'n_estimators': 300, 'colsample_bytree': 1.0}"
XGBoost,Grid,13,0.7197878310716487,0.7216978531903128,40.27413606643677,"{'max_depth': 6, 'learning_rate': 0.1, 'n_estimators': 200, 'colsample_bytree': 0.7}"
XGBoost,Grid,14,0.7186943817913156,0.7216978531903128,43.14220714569092,"{'max_depth': 6, 'learning_rate': 0.1, 'n_estimators': 200, 'colsample_bytree': 1.0}"
XGBoost,Grid,15,0.7181197212080139,0.7216978531903128,47.037206172943115,"{'max_depth': 6, 'learning_rate': 0.1, 'n_estimators': 300, 'colsample_bytree': 0.7}"
XGBoost,Grid,16,0.7168711830959338,0.7216978531903128,51.13362503051758,"{'max_depth': 6, 'learning_rate': 0.1, 'n_estimators': 300, 'colsample_bytree': 1.0}"
XGBoost,Grid,17,0.7192972343811975,0.7216978531903128,55.501492977142334,"{'max_depth': 8, 'learning_rate': 0.05, 'n_estimators': 200, 'colsample_bytree': 0.7}"
XGBoost,Grid,18,0.7186095617236942,0.7216978531903128,60.06346106529236,"{'max_depth': 8, 'learning_rate': 0.05, 'n_estimators': 200, 'colsample_bytree': 1.0}"
XGBoost,Grid,19,0.718299360707998,0.7216978531903128,65.94393825531006,"{'max_depth': 8, 'learning_rate': 0.05, 'n_estimators': 300, 'colsample_bytree': 0.7}"
XGBoost,Grid,20,0.7172312407540481,0.7216978531903128,72.33798313140869,"{'max_depth': 8, 'learning_rate': 0.05, 'n_estimators': 300, 'colsample_bytree': 1.0}"
XGBoost,Grid,21,0.7135199726816993,0.7216978531903128,76.30799007415771,"{'max_depth': 8, 'learning_rate': 0.1, 'n_estimators': 200, 'colsample_bytree': 0.7}"
XGBoost,Grid,22,0.712951594847186,0.7216978531903128,80.53550291061401,"{'max_depth': 8, 'learning_rate': 0.1, 'n_estimators': 200, 'colsample_bytree': 1.0}"
XGBoost,Grid,23,0.7107471801930928,0.7216978531903128,86.07821297645569,"{'max_depth': 8, 'learning_rate': 0.1, 'n_estimators': 300, 'colsample_bytree': 0.7}"
XGBoost,Grid,24,0.7092880368585289,0.7216978531903128,92.15233111381531,"{'max_depth': 8, 'learning_rate': 0.1, 'n_estimators': 300, 'colsample_bytree': 1.0}"
XGBoost,Random,1,0.7210044243083318,0.7210044243083318,3.0592780113220215,"{'max_depth': 6, 'learning_rate': 0.05, 'n_estimators': 200, 'colsample_bytree': 0.7}"
XGBoost,Random,2,0.7172312407540481,0.7210044243083318,9.25502896308899,"{'max_depth': 8, 'learning_rate': 0.05, 'n_estimators': 300, 'colsample_bytree': 1.0}"
XGBoost,Random,3,0.7107471801930928,0.7210044243083318,15.039290189743042,"{'max_depth': 8, 'learning_rate': 0.1, 'n_estimators': 300, 'colsample_bytree': 0.7}"
XGBoost,Random,4,0.7211448472944507,0.7211448472944507,19.227732181549072,"{'max_depth': 6, 'learning_rate': 0.05, 'n_estimators': 300, 'colsample_bytree': 0.7}"
XGBoost,Random,5,0.7192972343811975,0.7211448472944507,23.479366302490234,"{'max_depth': 8, 'learning_rate': 0.05, 'n_estimators': 200, 'colsample_bytree': 0.7}"
XGBoost,Random,6,0.7202860948023725,0.7211448472944507,25.766757249832153,"{'max_depth': 4, 'learning_rate': 0.05, 'n_estimators': 200, 'colsample_bytree': 0.7}"
XGBoost,Random,7,0.7201477536794648,0.7211448472944507,30.253559112548828,"{'max_depth': 6, 'learning_rate': 0.05, 'n_estimators': 300, 'colsample_bytree': 1.0}"
XGBoost,Random,8,0.7107471801930928,0.7211448472944507,35.93271803855896,"{'max_depth': 8, 'learning_rate': 0.1, 'n_estimators': 300, 'colsample_bytree': 0.7}"
XGBoost,Random,9,0.7168711830959338,0.7211448472944507,40.04057598114014,"{'max_depth': 6, 'learning_rate': 0.1, 'n_estimators': 300, 'colsample_bytree': 1.0}"
XGBoost,Random,10,0.7215144932895301,0.7215144932895301,42.237030267715454,"{'max_depth': 4, 'learning_rate': 0.1, 'n_estimators': 200, 'colsample_bytree': 0.7}"
XGBoost,Random,11,0.7107471801930928,0.7215144932895301,48.16936922073364,"{'max_depth': 8, 'learning_rate': 0.1, 'n_estimators': 300, 'colsample_bytree': 0.7}"
XGBoost,Random,12,0.712951594847186,0.7215144932895301,52.403839111328125,"{'max_depth': 8, 'learning_rate': 0.1, 'n_estimators': 200, 'colsample_bytree': 1.0}"
XGBoost,Random,13,0.7135199726816993,0.7215144932895301,56.38236618041992,"{'max_depth': 8, 'learning_rate': 0.1, 'n_estimators': 200, 'colsample_bytree': 0.7}"
XGBoost,Random,14,0.7186943817913156,0.7215144932895301,59.600404262542725,"{'max_depth': 6, 'learning_rate': 0.1, 'n_estimators': 200, 'colsample_bytree': 1.0}"
XGBoost,Random,15,0.7204369150006227,0.7215144932895301,62.839574098587036,"{'max_depth': 6, 'learning_rate': 0.05, 'n_estimators': 200, 'colsample_bytree': 1.0}"
XGBoost,Random,16,0.7135199726816993,0.7215144932895301,66.94291305541992,"{'max_depth': 8, 'learning_rate': 0.1, 'n_estimators': 200, 'colsample_bytree': 0.7}"
XGBoost,Random,17,0.718299360707998,0.7215144932895301,72.94353723526001,"{'max_depth': 8, 'learning_rate': 0.05, 'n_estimators': 300, 'colsample_bytree': 0.7}"
XGBoost,Random,18,0.7168711830959338,0.7215144932895301,77.29283809661865,"{'max_depth': 6, 'learning_rate': 0.1, 'n_estimators': 300, 'colsample_bytree': 1.0}"
XGBoost,Random,19,0.7202794888054233,0.7215144932895301,79.63501000404358,"{'max_depth': 4, 'learning_rate': 0.05, 'n_estimators': 200, 'colsample_bytree': 1.0}"
XGBoost,Random,20,0.7210044243083318,0.7215144932895301,82.72132015228271,"{'max_depth': 6, 'learning_rate': 0.05, 'n_estimators': 200, 'colsample_bytree': 0.7}"
XGBoost,Random,21,0.718299360707998,0.7215144932895301,88.60788130760193,"{'max_depth': 8, 'learning_rate': 0.05, 'n_estimators': 300, 'colsample_bytree': 0.7}"
XGBoost,Random,22,0.7172312407540481,0.7215144932895301,95.06084203720093,"{'max_depth': 8, 'learning_rate': 0.05, 'n_estimators': 300, 'colsample_bytree': 1.0}"
XGBoost,Random,23,0.7215504337509936,0.7215504337509936,97.3145489692688,"{'max_depth': 4, 'learning_rate': 0.1, 'n_estimators': 200, 'colsample_bytree': 1.0}"
XGBoost,Random,24,0.7215144932895301,0.7215504337509936,99.51401710510254,"{'max_depth': 4, 'learning_rate': 0.1, 'n_estimators': 200, 'colsample_bytree': 0.7}"
XGBoost,Bayesian(TPE),1,0.7210044243083318,0.7210044243083318,3.093705892562866,"{'max_depth': 6, 'learning_rate': 0.05, 'n_estimators': 200, 'colsample_bytree': 0.7}"
XGBoost,Bayesian(TPE),2,0.7172312407540481,0.7210044243083318,9.524864912033081,"{'max_depth': 8, 'learning_rate': 0.05, 'n_estimators': 300, 'colsample_bytree': 1.0}"
XGBoost,Bayesian(TPE),3,0.7107471801930928,0.7210044243083318,15.058995008468628,"{'max_depth': 8, 'learning_rate': 0.1, 'n_estimators': 300, 'colsample_bytree': 0.7}"
XGBoost,Bayesian(TPE),4,0.7211448472944507,0.7211448472944507,19.273682832717896,"{'max_depth': 6, 'learning_rate': 0.05, 'n_estimators': 300, 'colsample_bytree': 0.7}"
XGBoost,Bayesian(TPE),5,0.7192972343811975,0.7211448472944507,23.576372861862183,"{'max_depth': 8, 'learning_rate': 0.05, 'n_estimators': 200, 'colsample_bytree': 0.7}"
XGBoost,Bayesian(TPE),6,0.7211448472944507,0.7211448472944507,28.080283164978027,"{'max_depth': 6, 'learning_rate': 0.05, 'n_estimators': 300, 'colsample_bytree': 0.7}"
XGBoost,Bayesian(TPE),7,0.7215504337509936,0.7215504337509936,30.35765290260315,"{'max_depth': 4, 'learning_rate': 0.1, 'n_estimators': 200, 'colsample_bytree': 1.0}"
XGBoost,Bayesian(TPE),8,0.7215504337509936,0.7215504337509936,32.635661125183105,"{'max_depth': 4, 'learning_rate': 0.1, 'n_estimators': 200, 'colsample_bytree': 1.0}"
XGBoost,Bayesian(TPE),9,0.7186943817913156,0.7215504337509936,35.646477937698364,"{'max_depth': 6, 'learning_rate': 0.1, 'n_estimators': 200, 'colsample_bytree': 1.0}"
XGBoost,Bayesian(TPE),10,0.7215037093412621,0.7215504337509936,38.735668897628784,"{'max_depth': 4, 'learning_rate': 0.1, 'n_estimators': 300, 'colsample_bytree': 1.0}"
XGBoost,Bayesian(TPE),11,0.7202794888054233,0.7215504337509936,41.325429916381836,"{'max_depth': 4, 'learning_rate': 0.05, 'n_estimators': 200, 'colsample_bytree': 1.0}"
XGBoost,Bayesian(TPE),12,0.7215504337509936,0.7215504337509936,43.598374128341675,"{'max_depth': 4, 'learning_rate': 0.1, 'n_estimators': 200, 'colsample_bytree': 1.0}"
XGBoost,Bayesian(TPE),13,0.7215144932895301,0.7215504337509936,45.84244394302368,"{'max_depth': 4, 'learning_rate': 0.1, 'n_estimators': 200, 'colsample_bytree': 0.7}"
XGBoost,Bayesian(TPE),14,0.712951594847186,0.7215504337509936,50.13731098175049,"{'max_depth': 8, 'learning_rate': 0.1, 'n_estimators': 200, 'colsample_bytree': 1.0}"
XGBoost,Bayesian(TPE),15,0.7215504337509936,0.7215504337509936,52.70260286331177,"{'max_depth': 4, 'learning_rate': 0.1, 'n_estimators': 200, 'colsample_bytree': 1.0}"
XGBoost,Bayesian(TPE),16,0.7168711830959338,0.7215504337509936,57.08466100692749,"{'max_depth': 6, 'learning_rate': 0.1, 'n_estimators': 300, 'colsample_bytree': 1.0}"
XGBoost,Bayesian(TPE),17,0.7197878310716487,0.7215504337509936,59.990654945373535,"{'max_depth': 6, 'learning_rate': 0.1, 'n_estimators': 200, 'colsample_bytree': 0.7}"
XGBoost,Bayesian(TPE),18,0.7213987803827483,0.7215504337509936,63.246582984924316,"{'max_depth': 4, 'learning_rate': 0.05, 'n_estimators': 300, 'colsample_bytree': 1.0}"
XGBoost,Bayesian(TPE),19,0.7216978531903128,0.7216978531903128,66.29610323905945,"{'max_depth': 4, 'learning_rate': 0.1, 'n_estimators': 300, 'colsample_bytree': 0.7}"
XGBoost,Bayesian(TPE),20,0.7216978531903128,0.7216978531903128,69.35019588470459,"{'max_depth': 4, 'learning_rate': 0.1, 'n_estimators': 300, 'colsample_bytree': 0.7}"
XGBoost,Bayesian(TPE),21,0.7216978531903128,0.7216978531903128,72.62673711776733,"{'max_depth': 4, 'learning_rate': 0.1, 'n_estimators': 300, 'colsample_bytree': 0.7}"
XGBoost,Bayesian(TPE),22,0.7216978531903128,0.7216978531903128,75.75326800346375,"{'max_depth': 4, 'learning_rate': 0.1, 'n_estimators': 300, 'colsample_bytree': 0.7}"
XGBoost,Bayesian(TPE),23,0.7216978531903128,0.7216978531903128,78.81997585296631,"{'max_depth': 4, 'learning_rate': 0.1, 'n_estimators': 300, 'colsample_bytree': 0.7}"
XGBoost,Bayesian(TPE),24,0.7181197212080139,0.7216978531903128,82.92028498649597,"{'max_depth': 6, 'learning_rate': 0.1, 'n_estimators': 300, 'colsample_bytree': 0.7}"
LightGBM,Grid,1,0.7208682137024097,0.7208682137024097,5.694659233093262,"{'num_leaves': 31, 'learning_rate': 0.05, 'n_estimators': 200, 'colsample_bytree': 0.7}"
LightGBM,Grid,2,0.7209217082582731,0.7209217082582731,11.227828025817871,"{'num_leaves': 31, 'learning_rate': 0.05, 'n_estimators': 200, 'colsample_bytree': 1.0}"
LightGBM,Grid,3,0.7210346507731665,0.7210346507731665,18.597623109817505,"{'num_leaves': 31, 'learning_rate': 0.05, 'n_estimators': 300, 'colsample_bytree': 0.7}"
LightGBM,Grid,4,0.7209811055357984,0.7210346507731665,26.312811136245728,"{'num_leaves': 31, 'learning_rate': 0.05, 'n_estimators': 300, 'colsample_bytree': 1.0}"
LightGBM,Grid,5,0.7199498710001698,0.7210346507731665,31.490766286849976,"{'num_leaves': 31, 'learning_rate': 0.1, 'n_estimators': 200, 'colsample_bytree': 0.7}"
LightGBM,Grid,6,0.7193438967644127,0.7210346507731665,36.67036819458008,"{'num_leaves': 31, 'learning_rate': 0.1, 'n_estimators': 200, 'colsample_bytree': 1.0}"
LightGBM,Grid,7,0.7191209390893046,0.7210346507731665,43.63035011291504,"{'num_leaves': 31, 'learning_rate': 0.1, 'n_estimators': 300, 'colsample_bytree': 0.7}"
LightGBM,Grid,8,0.7183953784221098,0.7210346507731665,50.471169233322144,"{'num_leaves': 31, 'learning_rate': 0.1, 'n_estimators': 300, 'colsample_bytree': 1.0}"
LightGBM,Grid,9,0.7201652839124278,0.7210346507731665,58.654258012771606,"{'num_leaves': 63, 'learning_rate': 0.05, 'n_estimators': 200, 'colsample_bytree': 0.7}"
LightGBM,Grid,10,0.7200739004208166,0.7210346507731665,66.73110723495483,"{'num_leaves': 63, 'learning_rate': 0.05, 'n_estimators': 200, 'colsample_bytree': 1.0}"
LightGBM,Grid,11,0.7197251772006071,0.7210346507731665,77.50142908096313,"{'num_leaves': 63, 'learning_rate': 0.05, 'n_estimators': 300, 'colsample_bytree': 0.7}"
LightGBM,Grid,12,0.7193415696645479,0.7210346507731665,88.25620198249817,"{'num_leaves': 63, 'learning_rate': 0.05, 'n_estimators': 300, 'colsample_bytree': 1.0}"
LightGBM,Grid,13,0.7167052504379368,0.7210346507731665,95.18186616897583,"{'num_leaves': 63, 'learning_rate': 0.1, 'n_estimators': 200, 'colsample_bytree': 0.7}"
LightGBM,Grid,14,0.7162478467044612,0.7210346507731665,102.23435235023499,"{'num_leaves': 63, 'learning_rate': 0.1, 'n_estimators': 200, 'colsample_bytree': 1.0}"
LightGBM,Grid,15,0.7142549526110646,0.7210346507731665,111.4989321231842,"{'num_leaves': 63, 'learning_rate': 0.1, 'n_estimators': 300, 'colsample_bytree': 0.7}"
LightGBM,Grid,16,0.7141902571467406,0.7210346507731665,121.36163115501404,"{'num_leaves': 63, 'learning_rate': 0.1, 'n_estimators': 300, 'colsample_bytree': 1.0}"
LightGBM,Grid,17,0.7187991607170288,0.7210346507731665,133.20274209976196,"{'num_leaves': 127, 'learning_rate': 0.05, 'n_estimators': 200, 'colsample_bytree': 0.7}"
LightGBM,Grid,18,0.718130999048177,0.7210346507731665,144.9568510055542,"{'num_leaves': 127, 'learning_rate': 0.05, 'n_estimators': 200, 'colsample_bytree': 1.0}"
LightGBM,Grid,19,0.7177245938008774,0.7210346507731665,161.0077042579651,"{'num_leaves': 127, 'learning_rate': 0.05, 'n_estimators': 300, 'colsample_bytree': 0.7}"
LightGBM,Grid,20,0.7167668494524934,0.7210346507731665,177.30793714523315,"{'num_leaves': 127, 'learning_rate': 0.05, 'n_estimators': 300, 'colsample_bytree': 1.0}"
LightGBM,Grid,21,0.7120509635219987,0.7210346507731665,188.0638222694397,"{'num_leaves': 127, 'learning_rate': 0.1, 'n_estimators': 200, 'colsample_bytree': 0.7}"
LightGBM,Grid,22,0.7118596368143733,0.7210346507731665,199.77606105804443,"{'num_leaves': 127, 'learning_rate': 0.1, 'n_estimators': 200, 'colsample_bytree': 1.0}"
LightGBM,Grid,23,0.7093375410873435,0.7210346507731665,215.57872223854065,"{'num_leaves': 127, 'learning_rate': 0.1, 'n_estimators': 300, 'colsample_bytree': 0.7}"
LightGBM,Grid,24,0.7085763156065544,0.7210346507731665,231.00553917884827,"{'num_leaves': 127, 'learning_rate': 0.1, 'n_estimators': 300, 'colsample_bytree': 1.0}"
LightGBM,Random,1,0.7201652839124278,0.7201652839124278,7.612544059753418,"{'num_leaves': 63, 'learning_rate': 0.05, 'n_estimators': 200, 'colsample_bytree': 0.7}"
LightGBM,Random,2,0.7167668494524934,0.7201652839124278,24.269192934036255,"{'num_leaves': 127, 'learning_rate': 0.05, 'n_estimators': 300, 'colsample_bytree': 1.0}"
LightGBM,Random,3,0.7093375410873435,0.7201652839124278,39.65375113487244,"{'num_leaves': 127, 'learning_rate': 0.1, 'n_estimators': 300, 'colsample_bytree': 0.7}"
LightGBM,Random,4,0.7197251772006071,0.7201652839124278,50.97696089744568,"{'num_leaves': 63, 'learning_rate': 0.05, 'n_estimators': 300, 'colsample_bytree': 0.7}"
LightGBM,Random,5,0.7187991607170288,0.7201652839124278,63.76723003387451,"{'num_leaves': 127, 'learning_rate': 0.05, 'n_estimators': 200, 'colsample_bytree': 0.7}"
LightGBM,Random,6,0.7208682137024097,0.7208682137024097,69.3378701210022,"{'num_leaves': 31, 'learning_rate': 0.05, 'n_estimators': 200, 'colsample_bytree': 0.7}"
LightGBM,Random,7,0.7193415696645479,0.7208682137024097,80.59784388542175,"{'num_leaves': 63, 'learning_rate': 0.05, 'n_estimators': 300, 'colsample_bytree': 1.0}"
LightGBM,Random,8,0.7093375410873435,0.7208682137024097,96.58217597007751,"{'num_leaves': 127, 'learning_rate': 0.1, 'n_estimators': 300, 'colsample_bytree': 0.7}"
LightGBM,Random,9,0.7141902571467406,0.7208682137024097,106.53050899505615,"{'num_leaves': 63, 'learning_rate': 0.1, 'n_estimators': 300, 'colsample_bytree': 1.0}"
LightGBM,Random,10,0.7199498710001698,0.7208682137024097,112.04296016693115,"{'num_leaves': 31, 'learning_rate': 0.1, 'n_estimators': 200, 'colsample_bytree': 0.7}"
LightGBM,Random,11,0.7093375410873435,0.7208682137024097,129.09180998802185,"{'num_leaves': 127, 'learning_rate': 0.1, 'n_estimators': 300, 'colsample_bytree': 0.7}"
LightGBM,Random,12,0.7118596368143733,0.7208682137024097,139.72111892700195,"{'num_leaves': 127, 'learning_rate': 0.1, 'n_estimators': 200, 'colsample_bytree': 1.0}"
LightGBM,Random,13,0.7120509635219987,0.7208682137024097,150.82432198524475,"{'num_leaves': 127, 'learning_rate': 0.1, 'n_estimators': 200, 'colsample_bytree': 0.7}"
LightGBM,Random,14,0.7162478467044612,0.7208682137024097,158.49157905578613,"{'num_leaves': 63, 'learning_rate': 0.1, 'n_estimators': 200, 'colsample_bytree': 1.0}"
LightGBM,Random,15,0.7200739004208166,0.7208682137024097,167.02851819992065,"{'num_leaves': 63, 'learning_rate': 0.05, 'n_estimators': 200, 'colsample_bytree': 1.0}"
LightGBM,Random,16,0.7120509635219987,0.7208682137024097,178.1369879245758,"{'num_leaves': 127, 'learning_rate': 0.1, 'n_estimators': 200, 'colsample_bytree': 0.7}"
LightGBM,Random,17,0.7177245938008774,0.7208682137024097,195.187597990036,"{'num_leaves': 127, 'learning_rate': 0.05, 'n_estimators': 300, 'colsample_bytree': 0.7}"
LightGBM,Random,18,0.7141902571467406,0.7208682137024097,205.9394190311432,"{'num_leaves': 63, 'learning_rate': 0.1, 'n_estimators': 300, 'colsample_bytree': 1.0}"
LightGBM,Random,19,0.7209217082582731,0.7209217082582731,211.72837901115417,"{'num_leaves': 31, 'learning_rate': 0.05, 'n_estimators': 200, 'colsample_bytree': 1.0}"
LightGBM,Random,20,0.7201652839124278,0.7209217082582731,219.48621702194214,"{'num_leaves': 63, 'learning_rate': 0.05, 'n_estimators': 200, 'colsample_bytree': 0.7}"
LightGBM,Random,21,0.7177245938008774,0.7209217082582731,237.13489508628845,"{'num_leaves': 127, 'learning_rate': 0.05, 'n_estimators': 300, 'colsample_bytree': 0.7}"
LightGBM,Random,22,0.7167668494524934,0.7209217082582731,254.6516511440277,"{'num_leaves': 127, 'learning_rate': 0.05, 'n_estimators': 300, 'colsample_bytree': 1.0}"
LightGBM,Random,23,0.7193438967644127,0.7209217082582731,259.66872000694275,"{'num_leaves': 31, 'learning_rate': 0.1, 'n_estimators': 200, 'colsample_bytree': 1.0}"
LightGBM,Random,24,0.7199498710001698,0.7209217082582731,264.6141839027405,"{'num_leaves': 31, 'learning_rate': 0.1, 'n_estimators': 200, 'colsample_bytree': 0.7}"
LightGBM,Bayesian(TPE),1,0.7201652839124278,0.7201652839124278,8.054507970809937,"{'num_leaves': 63, 'learning_rate': 0.05, 'n_estimators': 200, 'colsample_bytree': 0.7}"
LightGBM,Bayesian(TPE),2,0.7167668494524934,0.7201652839124278,24.771344900131226,"{'num_leaves': 127, 'learning_rate': 0.05, 'n_estimators': 300, 'colsample_bytree': 1.0}"
LightGBM,Bayesian(TPE),3,0.7093375410873435,0.7201652839124278,41.40029788017273,"{'num_leaves': 127, 'learning_rate': 0.1, 'n_estimators': 300, 'colsample_bytree': 0.7}"
LightGBM,Bayesian(TPE),4,0.7197251772006071,0.7201652839124278,52.95291495323181,"{'num_leaves': 63, 'learning_rate': 0.05, 'n_estimators': 300, 'colsample_bytree': 0.7}"
LightGBM,Bayesian(TPE),5,0.7187991607170288,0.7201652839124278,65.504075050354,"{'num_leaves': 127, 'learning_rate': 0.05, 'n_estimators': 200, 'colsample_bytree': 0.7}"
LightGBM,Bayesian(TPE),6,0.7167052504379368,0.7201652839124278,73.05105900764465,"{'num_leaves': 63, 'learning_rate': 0.1, 'n_estimators': 200, 'colsample_bytree': 0.7}"
LightGBM,Bayesian(TPE),7,0.7200739004208166,0.7201652839124278,81.02132296562195,"{'num_leaves': 63, 'learning_rate': 0.05, 'n_estimators': 200, 'colsample_bytree': 1.0}"
LightGBM,Bayesian(TPE),8,0.7201652839124278,0.7201652839124278,89.18386197090149,"{'num_leaves': 63, 'learning_rate': 0.05, 'n_estimators': 200, 'colsample_bytree': 0.7}"
LightGBM,Bayesian(TPE),9,0.7193438967644127,0.7201652839124278,94.14170384407043,"{'num_leaves': 31, 'learning_rate': 0.1, 'n_estimators': 200, 'colsample_bytree': 1.0}"
LightGBM,Bayesian(TPE),10,0.7208682137024097,0.7208682137024097,99.67624497413635,"{'num_leaves': 31, 'learning_rate': 0.05, 'n_estimators': 200, 'colsample_bytree': 0.7}"
LightGBM,Bayesian(TPE),11,0.7208682137024097,0.7208682137024097,105.50273299217224,"{'num_leaves': 31, 'learning_rate': 0.05, 'n_estimators': 200, 'colsample_bytree': 0.7}"
LightGBM,Bayesian(TPE),12,0.7208682137024097,0.7208682137024097,110.93675398826599,"{'num_leaves': 31, 'learning_rate': 0.05, 'n_estimators': 200, 'colsample_bytree': 0.7}"
LightGBM,Bayesian(TPE),13,0.7210346507731665,0.7210346507731665,118.65173602104187,"{'num_leaves': 31, 'learning_rate': 0.05, 'n_estimators': 300, 'colsample_bytree': 0.7}"
LightGBM,Bayesian(TPE),14,0.7210346507731665,0.7210346507731665,126.06350493431091,"{'num_leaves': 31, 'learning_rate': 0.05, 'n_estimators': 300, 'colsample_bytree': 0.7}"
LightGBM,Bayesian(TPE),15,0.7210346507731665,0.7210346507731665,133.89963793754578,"{'num_leaves': 31, 'learning_rate': 0.05, 'n_estimators': 300, 'colsample_bytree': 0.7}"
LightGBM,Bayesian(TPE),16,0.7191209390893046,0.7210346507731665,140.83158612251282,"{'num_leaves': 31, 'learning_rate': 0.1, 'n_estimators': 300, 'colsample_bytree': 0.7}"
LightGBM,Bayesian(TPE),17,0.7209811055357984,0.7210346507731665,148.70123481750488,"{'num_leaves': 31, 'learning_rate': 0.05, 'n_estimators': 300, 'colsample_bytree': 1.0}"
LightGBM,Bayesian(TPE),18,0.7177245938008774,0.7210346507731665,166.53669500350952,"{'num_leaves': 127, 'learning_rate': 0.05, 'n_estimators': 300, 'colsample_bytree': 0.7}"
LightGBM,Bayesian(TPE),19,0.7141902571467406,0.7210346507731665,176.70889496803284,"{'num_leaves': 63, 'learning_rate': 0.1, 'n_estimators': 300, 'colsample_bytree': 1.0}"
LightGBM,Bayesian(TPE),20,0.7210346507731665,0.7210346507731665,184.84256792068481,"{'num_leaves': 31, 'learning_rate': 0.05, 'n_estimators': 300, 'colsample_bytree': 0.7}"
LightGBM,Bayesian(TPE),21,0.7183953784221098,0.7210346507731665,191.7141740322113,"{'num_leaves': 31, 'learning_rate': 0.1, 'n_estimators': 300, 'colsample_bytree': 1.0}"
LightGBM,Bayesian(TPE),22,0.7210346507731665,0.7210346507731665,200.27431774139404,"{'num_leaves': 31, 'learning_rate': 0.05, 'n_estimators': 300, 'colsample_bytree': 0.7}"
LightGBM,Bayesian(TPE),23,0.7210346507731665,0.7210346507731665,207.8761007785797,"{'num_leaves': 31, 'learning_rate': 0.05, 'n_estimators': 300, 'colsample_bytree': 0.7}"
LightGBM,Bayesian(TPE),24,0.7210346507731665,0.7210346507731665,216.42651391029358,"{'num_leaves': 31, 'learning_rate': 0.05, 'n_estimators': 300, 'colsample_bytree': 0.7}"
