,importance
subGrade_enc,0.1881473467583602
interestRate,0.13382981723439533
grade_enc,0.10916897774209693
term,0.06931244530988215
grade_dti_inter,0.04544352640849393
installment_income_ratio,0.04196502359054914
fico_avg,0.03595322090966482
dti,0.03324139904797594
interest_loan_inter,0.0331646885143726
installment_log,0.023933592503045276
annualIncome_log,0.02168686413352824
homeOwnership_1,0.020698518249186226
loanAmnt_log,0.02065792269141736
revolBal_log,0.01932868006848827
regionCode_enc,0.017037497209390927
revolUtil,0.014018072775031651
n14,0.013845332371275497
employmentLength_enc,0.012861298252624432
credit_history_years,0.01208884678508799
totalAcc,0.011431781161969561
n3,0.010235510545867417
n2,0.009994640467926552
n8,0.009233723880644444
n6,0.008898443690847226
n9,0.00871681535907861
n5,0.00825089814992014
n10,0.007324807302187263
openAcc,0.007166532268653568
n7,0.0070384854263328
n1,0.006411451638404059
n4,0.006271236375706479
verificationStatus_2,0.004326654771800711
n0,0.0034303578704270397
initialListStatus,0.003341136380131534
delinquency_2years,0.003058410142884206
pubRec,0.003021148726946209
verificationStatus_1,0.0021504102812601473
pubRecBankruptcies,0.0018064157169561282
n13,0.0015625489845283774
purpose_4,0.0012697757474941995
homeOwnership_2,0.0012532684836307462
purpose_1,0.0012317461267529629
applicationType,0.0009366295486654566
purpose_5,0.0008662109850249518
purpose_2,0.000751001223306594
purpose_3,0.000721211763532313
purpose_9,0.0004996887401611395
purpose_10,0.000472222486075149
purpose_7,0.00044471485657381586
purpose_6,0.00036170116241911356
purpose_8,0.0003400493643554866
n12,0.00027768855494661324
purpose_11,0.0001496189796116998
purpose_12,0.00011165970301900083
n11,0.000111648705902335
purpose_13,5.1655635001181716e-05
homeOwnership_3,4.457636650098202e-05
homeOwnership_5,3.989551009807708e-05
homeOwnership_4,1.0556359588906994e-05
